"id";"Date.mutation";"Nature.mutation";"Code.postal";"Commune";"Code.departement";"Type.local";"Surface.reelle.bati";"Nombre.pieces.principales";"Surface.terrain"
6;"06/01/2025";"Vente";79270;"EPANNES";"79";"Maison";100;4;1234
12;"03/01/2025";"Vente";79000;"NIORT";"79";"Appartement";41;2;NA
27;"20/01/2025";"Vente";79000;"NIORT";"79";"Maison";143;6;1060
29;"20/01/2025";"Vente";79510;"COULON";"79";"Appartement";40;1;56
45;"27/01/2025";"Vente";79000;"NIORT";"79";"Maison";80;5;101
46;"17/01/2025";"Vente";79000;"SCIECQ";"79";"Maison";131;4;539
53;"24/01/2025";"Vente";79000;"NIORT";"79";"Maison";82;4;924
60;"29/01/2025";"Vente";79000;"NIORT";"79";"Appartement";65;3;NA
66;"31/01/2025";"Vente";79410;"ECHIRE";"79";"Maison";116;4;512
73;"15/01/2025";"Vente";79000;"NIORT";"79";"Maison";46;3;91
78;"13/01/2025";"Vente";79000;"NIORT";"79";"Maison";80;4;50
79;"20/01/2025";"Vente";79270;"FRONTENAY-ROHAN-ROHAN";"79";"Maison";224;6;790
82;"29/01/2025";"Vente";79000;"NIORT";"79";"Maison";82;5;301
92;"24/01/2025";"Vente";79160;"VILLIERS-EN-PLAINE";"79";"Maison";140;6;315
101;"06/02/2025";"Vente";79230;"VOUILLE";"79";"Maison";82;4;862
104;"27/01/2025";"Vente";79260;"LA CRECHE";"79";"Maison";35;2;634
110;"14/01/2025";"Vente";79210;"MAUZE-SUR-LE-MIGNON";"79";"Maison";120;4;320
111;"19/02/2025";"Vente";79000;"NIORT";"79";"Maison";89;5;650
113;"07/02/2025";"Vente";79260;"LA CRECHE";"79";"Maison";154;4;1800
122;"30/01/2025";"Vente";79000;"NIORT";"79";"Maison";70;5;212
125;"31/01/2025";"Vente";79000;"NIORT";"79";"Maison";90;5;403
144;"06/02/2025";"Vente";79000;"NIORT";"79";"Appartement";70;3;NA
147;"19/02/2025";"Vente";79000;"NIORT";"79";"Maison";48;3;165
151;"20/02/2025";"Vente";79000;"NIORT";"79";"Maison";67;3;368
162;"10/02/2025";"Vente";79000;"NIORT";"79";"Maison";97;4;688
172;"29/01/2025";"Vente";79000;"NIORT";"79";"Appartement";99;3;NA
180;"21/02/2025";"Vente";79000;"NIORT";"79";"Appartement";67;4;NA
182;"19/02/2025";"Vente";79510;"COULON";"79";"Maison";100;4;561
210;"28/02/2025";"Vente";79230;"FORS";"79";"Maison";93;3;226
212;"24/02/2025";"Vente";79000;"NIORT";"79";"Maison";102;4;77
220;"11/03/2025";"Vente";79210;"ARCAIS";"79";"Maison";105;3;782
225;"17/02/2025";"Vente";79460;"MAGNE";"79";"Maison";132;5;682
231;"06/03/2025";"Vente";79180;"CHAURAY";"79";"Appartement";41;2;NA
234;"03/03/2025";"Vente";79000;"NIORT";"79";"Maison";59;3;51
236;"21/02/2025";"Vente";79000;"NIORT";"79";"Appartement";43;2;NA
250;"03/03/2025";"Vente";79000;"NIORT";"79";"Appartement";87;4;NA
266;"07/03/2025";"Vente";79000;"NIORT";"79";"Appartement";28;1;NA
274;"04/03/2025";"Vente";79270;"FRONTENAY-ROHAN-ROHAN";"79";"Maison";97;4;460
279;"25/03/2025";"Vente";79000;"NIORT";"79";"Maison";86;3;618
286;"11/03/2025";"Vente";79000;"NIORT";"79";"Maison";99;5;681
291;"06/03/2025";"Vente";79260;"LA CRECHE";"79";"Maison";87;3;1281
300;"28/03/2025";"Vente";79000;"NIORT";"79";"Appartement";30;1;NA
307;"26/03/2025";"Vente";79000;"NIORT";"79";"Maison";47;2;56
318;"31/03/2025";"Vente";79210;"MAUZE-SUR-LE-MIGNON";"79";"Maison";86;3;990
325;"21/03/2025";"Vente";79000;"NIORT";"79";"Appartement";95;3;NA
326;"26/03/2025";"Vente";79410;"ECHIRE";"79";"Maison";52;3;774
330;"21/03/2025";"Vente";79000;"NIORT";"79";"Maison";35;1;26
333;"19/03/2025";"Vente";79000;"NIORT";"79";"Maison";152;5;608
342;"24/03/2025";"Vente";79270;"FRONTENAY-ROHAN-ROHAN";"79";"Maison";111;4;536
343;"25/03/2025";"Vente";79000;"NIORT";"79";"Maison";62;3;292
361;"11/04/2025";"Vente";79000;"NIORT";"79";"Maison";82;3;348
362;"09/04/2025";"Vente";79000;"NIORT";"79";"Appartement";127;5;NA
370;"27/03/2025";"Vente";79000;"NIORT";"79";"Appartement";35;2;NA
372;"15/04/2025";"Vente";79000;"NIORT";"79";"Appartement";74;3;NA
383;"17/04/2025";"Vente";79270;"LE VANNEAU-IRLEAU";"79";"Maison";106;4;45
385;"02/04/2025";"Vente";79410;"SAINT GELAIS";"79";"Maison";197;6;489
386;"31/03/2025";"Vente";79270;"FRONTENAY-ROHAN-ROHAN";"79";"Maison";125;4;610
403;"24/04/2025";"Vente";79000;"NIORT";"79";"Maison";105;6;537
408;"25/04/2025";"Vente";79000;"NIORT";"79";"Maison";134;5;1145
413;"09/04/2025";"Vente";79000;"NIORT";"79";"Appartement";71;4;NA
416;"16/04/2025";"Vente";79000;"NIORT";"79";"Maison";79;3;36
422;"11/04/2025";"Vente";79230;"PRAHECQ";"79";"Maison";96;5;3170
427;"09/04/2025";"Vente";79210;"ARCAIS";"79";"Maison";110;4;190
444;"15/04/2025";"Vente";79000;"NIORT";"79";"Appartement";34;2;506
445;"15/04/2025";"Vente";79000;"NIORT";"79";"Maison";115;6;961
454;"12/05/2025";"Vente";79000;"NIORT";"79";"Maison";85;4;359
475;"30/04/2025";"Vente";79000;"NIORT";"79";"Maison";92;4;373
480;"25/04/2025";"Vente";79000;"NIORT";"79";"Maison";66;3;327
482;"23/04/2025";"Vente";79000;"NIORT";"79";"Appartement";77;4;NA
484;"28/04/2025";"Vente";79260;"LA CRECHE";"79";"Maison";145;4;151
488;"19/05/2025";"Vente";79000;"NIORT";"79";"Appartement";72;4;NA
491;"12/05/2025";"Vente";79230;"PRAHECQ";"79";"Maison";105;3;2929
509;"29/04/2025";"Vente";79000;"NIORT";"79";"Appartement";30;1;NA
513;"21/05/2025";"Vente";79220;"GERMOND-ROUVRE";"79";"Maison";67;3;907
525;"16/05/2025";"Vente";79230;"FORS";"79";"Maison";140;2;1320
532;"05/05/2025";"Vente";79000;"NIORT";"79";"Maison";98;5;163
542;"05/05/2025";"Vente";79000;"NIORT";"79";"Maison";165;6;178
547;"09/05/2025";"Vente";79000;"NIORT";"79";"Maison";125;5;45
562;"30/05/2025";"Vente";79000;"NIORT";"79";"Maison";73;5;492
564;"28/05/2025";"Vente";79000;"NIORT";"79";"Maison";104;4;413
584;"13/06/2025";"Vente";79000;"NIORT";"79";"Appartement";45;1;NA
607;"08/01/2024";"Vente";79000;"NIORT";"79";"Appartement";48;2;NA
609;"12/01/2024";"Vente";79000;"NIORT";"79";"Maison";70;3;138
614;"15/01/2024";"Vente";79000;"NIORT";"79";"Appartement";92;4;NA
616;"13/01/2024";"Vente";79210;"MAUZE-SUR-LE-MIGNON";"79";"Appartement";40;1;NA
621;"03/01/2024";"Vente";79260;"LA CRECHE";"79";"Maison";64;3;54
624;"05/01/2024";"Vente";79360;"BEAUVOIR-SUR-NIORT";"79";"Maison";122;5;483
628;"25/01/2024";"Vente";79000;"NIORT";"79";"Maison";89;4;497
632;"29/01/2024";"Vente";79000;"NIORT";"79";"Maison";78;4;351
641;"08/01/2024";"Vente";79360;"BEAUVOIR-SUR-NIORT";"79";"Maison";72;3;720
651;"24/01/2024";"Vente";79210;"PRIN-DEYRANCON";"79";"Maison";96;4;394
653;"16/01/2024";"Vente";79000;"NIORT";"79";"Maison";70;3;65
655;"17/01/2024";"Vente";79000;"NIORT";"79";"Appartement";45;2;NA
666;"12/01/2024";"Vente";79210;"SAINT-GEORGES-DE-REX";"79";"Maison";166;4;352
667;"29/01/2024";"Vente";79000;"NIORT";"79";"Maison";87;5;250
670;"30/01/2024";"Vente";79000;"NIORT";"79";"Maison";81;4;468
673;"05/02/2024";"Vente";79000;"NIORT";"79";"Maison";121;4;660
683;"31/01/2024";"Vente";79180;"CHAURAY";"79";"Maison";110;4;629
689;"08/02/2024";"Vente";79260;"LA CRECHE";"79";"Maison";85;4;653
694;"06/02/2024";"Vente";79000;"NIORT";"79";"Maison";38;2;28
695;"09/02/2024";"Vente";79000;"NIORT";"79";"Maison";72;3;183
696;"18/01/2024";"Vente";79000;"NIORT";"79";"Appartement";54;3;NA
697;"30/01/2024";"Vente";79270;"LE VANNEAU-IRLEAU";"79";"Maison";32;1;38
700;"14/02/2024";"Vente";79360;"BEAUVOIR-SUR-NIORT";"79";"Maison";79;4;NA
704;"26/01/2024";"Vente";79000;"NIORT";"79";"Maison";90;4;490
725;"30/01/2024";"Vente";79260;"LA CRECHE";"79";"Maison";86;5;540
735;"21/02/2024";"Vente";79000;"NIORT";"79";"Maison";100;3;759
744;"13/02/2024";"Vente";79510;"COULON";"79";"Maison";71;3;460
754;"23/02/2024";"Vente";79000;"NIORT";"79";"Maison";32;2;22
769;"07/03/2024";"Vente";79230;"PRAHECQ";"79";"Maison";84;4;750
772;"15/02/2024";"Vente";79000;"NIORT";"79";"Appartement";53;1;NA
775;"28/02/2024";"Vente";79000;"NIORT";"79";"Maison";65;2;50
784;"19/02/2024";"Vente";79000;"NIORT";"79";"Maison";70;3;758
814;"11/03/2024";"Vente";79000;"NIORT";"79";"Maison";42;3;57
820;"06/03/2024";"Vente";79000;"NIORT";"79";"Appartement";41;2;NA
821;"07/03/2024";"Vente";79000;"NIORT";"79";"Maison";102;5;329
833;"08/03/2024";"Vente";79180;"CHAURAY";"79";"Maison";74;4;527
841;"21/03/2024";"Vente";79000;"NIORT";"79";"Maison";121;4;432
849;"26/03/2024";"Vente";79410;"ECHIRE";"79";"Maison";68;4;369
854;"25/03/2024";"Vente";79000;"NIORT";"79";"Maison";76;4;216
858;"15/03/2024";"Vente";79000;"NIORT";"79";"Maison";68;4;167
859;"15/03/2024";"Vente";79000;"NIORT";"79";"Maison";96;4;459
865;"26/03/2024";"Vente";79000;"NIORT";"79";"Maison";108;4;570
866;"04/04/2024";"Vente";79230;"PRAHECQ";"79";"Maison";96;3;81
867;"27/03/2024";"Vente";79230;"AIFFRES";"79";"Maison";130;5;534
870;"19/03/2024";"Vente";79000;"NIORT";"79";"Maison";94;4;238
897;"18/03/2024";"Vente";79510;"COULON";"79";"Maison";131;3;484
901;"09/04/2024";"Vente";79160;"COULONGES-SUR-L AUTIZE";"79";"Maison";87;3;49
903;"10/04/2024";"Vente";79000;"NIORT";"79";"Maison";87;4;152
904;"12/04/2024";"Vente";79000;"NIORT";"79";"Appartement";68;3;NA
905;"22/03/2024";"Vente";79000;"NIORT";"79";"Maison";52;3;40
908;"10/04/2024";"Vente";79000;"NIORT";"79";"Appartement";24;1;NA
918;"21/03/2024";"Vente";79510;"COULON";"79";"Maison";70;4;554
919;"12/04/2024";"Vente";79210;"MAUZE-SUR-LE-MIGNON";"79";"Maison";93;5;1004
929;"28/03/2024";"Vente";79410;"ECHIRE";"79";"Maison";80;4;617
933;"27/03/2024";"Vente";79510;"COULON";"79";"Maison";60;3;34
936;"25/03/2024";"Vente";79000;"NIORT";"79";"Appartement";24;1;NA
958;"26/04/2024";"Vente";79000;"NIORT";"79";"Appartement";86;4;NA
960;"04/04/2024";"Vente";79000;"NIORT";"79";"Maison";91;4;71
981;"26/04/2024";"Vente";79000;"NIORT";"79";"Maison";82;4;666
984;"25/04/2024";"Vente";79000;"NIORT";"79";"Appartement";43;2;NA
995;"18/04/2024";"Vente";79000;"NIORT";"79";"Maison";80;3;102
1000;"19/04/2024";"Vente";79000;"NIORT";"79";"Maison";100;4;104
1001;"06/05/2024";"Vente";79180;"CHAURAY";"79";"Maison";111;4;430
1006;"13/05/2024";"Vente";79000;"NIORT";"79";"Maison";116;5;429
1024;"17/05/2024";"Vente";79410;"ECHIRE";"79";"Maison";216;7;1197
1034;"06/05/2024";"Vente";79180;"CHAURAY";"79";"Maison";81;3;344
1053;"29/04/2024";"Vente";79000;"NIORT";"79";"Maison";56;3;273
1063;"30/04/2024";"Vente";79000;"NIORT";"79";"Maison";88;4;315
1077;"15/05/2024";"Vente";79260;"LA CRECHE";"79";"Maison";36;1;43
1079;"21/05/2024";"Vente";79000;"NIORT";"79";"Maison";84;4;209
1083;"22/05/2024";"Vente";79000;"NIORT";"79";"Maison";81;4;332
1088;"29/05/2024";"Vente";79000;"NIORT";"79";"Maison";65;3;61
1091;"04/06/2024";"Vente";79000;"NIORT";"79";"Maison";126;5;749
1096;"22/05/2024";"Vente";79270;"FRONTENAY-ROHAN-ROHAN";"79";"Maison";124;1;538
1100;"05/06/2024";"Vente";79000;"NIORT";"79";"Appartement";48;2;NA
1101;"28/05/2024";"Vente";79460;"MAGNE";"79";"Maison";142;5;650
1105;"29/05/2024";"Vente";79000;"NIORT";"79";"Maison";82;3;520
1112;"28/05/2024";"Vente";79000;"NIORT";"79";"Appartement";24;1;NA
1117;"10/06/2024";"Vente";79000;"NIORT";"79";"Maison";62;3;41
1122;"04/06/2024";"Vente";79000;"NIORT";"79";"Maison";71;4;170
1131;"31/05/2024";"Vente";79000;"NIORT";"79";"Maison";115;4;510
1141;"20/06/2024";"Vente";79210;"MAUZE-SUR-LE-MIGNON";"79";"Maison";64;2;458
1143;"24/06/2024";"Vente";79000;"NIORT";"79";"Appartement";63;3;NA
1145;"06/06/2024";"Vente";79000;"NIORT";"79";"Maison";60;3;39
1147;"19/06/2024";"Vente";79000;"NIORT";"79";"Appartement";44;2;NA
1152;"11/06/2024";"Vente";79000;"NIORT";"79";"Appartement";39;2;NA
1155;"29/05/2024";"Vente";79000;"NIORT";"79";"Maison";82;2;205
1158;"27/06/2024";"Vente";79000;"NIORT";"79";"Appartement";40;2;NA
1167;"21/06/2024";"Vente";79000;"NIORT";"79";"Maison";82;3;1013
1184;"07/06/2024";"Vente";79180;"CHAURAY";"79";"Maison";88;4;424
1188;"27/06/2024";"Vente";79180;"CHAURAY";"79";"Appartement";41;2;NA
1189;"19/06/2024";"Vente";79000;"NIORT";"79";"Maison";78;4;234
1190;"07/06/2024";"Vente";79000;"SCIECQ";"79";"Maison";145;6;1000
1192;"01/07/2024";"Vente";79000;"NIORT";"79";"Maison";68;4;363
1194;"07/06/2024";"Vente";79460;"MAGNE";"79";"Maison";90;4;506
1195;"29/05/2024";"Vente";79000;"NIORT";"79";"Maison";97;4;331
1203;"21/06/2024";"Vente";79160;"COULONGES-SUR-L AUTIZE";"79";"Maison";93;4;836
1207;"17/06/2024";"Vente";79000;"NIORT";"79";"Appartement";49;2;NA
1209;"21/06/2024";"Vente";79000;"NIORT";"79";"Appartement";27;1;NA
1213;"26/06/2024";"Vente";79230;"AIFFRES";"79";"Maison";30;2;163
1217;"27/06/2024";"Vente";79270;"SAINT-SYMPHORIEN";"79";"Maison";192;6;557
1223;"17/06/2024";"Vente";79000;"NIORT";"79";"Appartement";48;2;NA
1226;"01/07/2024";"Vente";79000;"NIORT";"79";"Appartement";67;3;NA
1230;"11/07/2024";"Vente";79000;"NIORT";"79";"Maison";70;3;87
1237;"28/06/2024";"Vente";79000;"NIORT";"79";"Maison";108;5;398
1238;"02/07/2024";"Vente";79000;"NIORT";"79";"Maison";50;3;44
1244;"25/06/2024";"Vente";79000;"NIORT";"79";"Maison";129;6;1189
1248;"03/07/2024";"Vente";79000;"NIORT";"79";"Maison";84;5;675
1256;"09/07/2024";"Vente";79000;"NIORT";"79";"Maison";95;4;448
1260;"12/07/2024";"Vente";79180;"CHAURAY";"79";"Maison";74;4;480
1265;"15/07/2024";"Vente";79260;"LA CRECHE";"79";"Maison";138;6;1153
1272;"21/06/2024";"Vente";79000;"NIORT";"79";"Maison";140;6;700
1276;"09/07/2024";"Vente";79000;"NIORT";"79";"Appartement";54;3;NA
1280;"16/07/2024";"Vente";79000;"NIORT";"79";"Maison";148;6;293
1294;"08/07/2024";"Vente";79000;"NIORT";"79";"Appartement";68;3;NA
1301;"17/07/2024";"Vente";79230;"FORS";"79";"Maison";104;3;723
1306;"08/07/2024";"Vente";79160;"COULONGES-SUR-L AUTIZE";"79";"Maison";81;5;351
1317;"31/07/2024";"Vente";79180;"CHAURAY";"79";"Maison";140;4;317
1330;"01/08/2024";"Vente";79230;"FORS";"79";"Maison";140;5;392
1333;"24/07/2024";"Vente";79000;"NIORT";"79";"Maison";62;3;29
1339;"18/07/2024";"Vente";79000;"NIORT";"79";"Maison";198;5;1073
1340;"15/07/2024";"Vente";79000;"NIORT";"79";"Maison";90;5;573
1343;"02/08/2024";"Vente";79000;"NIORT";"79";"Maison";250;7;638
1350;"08/08/2024";"Vente";79000;"NIORT";"79";"Maison";260;6;825
1353;"22/07/2024";"Vente";79230;"PRAHECQ";"79";"Maison";94;5;497
1360;"25/07/2024";"Vente";79360;"BEAUVOIR-SUR-NIORT";"79";"Maison";90;4;378
1367;"25/07/2024";"Vente";79000;"NIORT";"79";"Maison";70;4;163
1390;"30/07/2024";"Vente";79000;"NIORT";"79";"Maison";55;2;26
1400;"26/08/2024";"Vente";79000;"NIORT";"79";"Maison";90;4;238
1414;"02/08/2024";"Vente";79000;"NIORT";"79";"Maison";51;4;351
1419;"02/08/2024";"Vente";79230;"VOUILLE";"79";"Maison";97;4;459
1420;"02/08/2024";"Vente";79260;"LA CRECHE";"79";"Maison";125;4;1124
1421;"05/08/2024";"Vente";79000;"NIORT";"79";"Maison";114;4;637
1422;"06/08/2024";"Vente";79360;"GRANZAY-GRIPT";"79";"Maison";98;3;310
1424;"28/08/2024";"Vente";79000;"NIORT";"79";"Maison";100;4;491
1426;"27/08/2024";"Vente";79180;"CHAURAY";"79";"Maison";77;4;817
1434;"30/08/2024";"Vente";79000;"NIORT";"79";"Maison";92;3;482
1436;"12/08/2024";"Vente";79000;"NIORT";"79";"Maison";45;3;32
1440;"06/08/2024";"Vente";79000;"NIORT";"79";"Maison";126;5;577
1448;"30/08/2024";"Vente";79000;"NIORT";"79";"Maison";112;5;844
1453;"20/08/2024";"Vente";79000;"NIORT";"79";"Maison";100;5;102
1456;"05/09/2024";"Vente";79210;"MAUZE-SUR-LE-MIGNON";"79";"Maison";63;3;553
1462;"22/08/2024";"Vente";79000;"NIORT";"79";"Appartement";63;3;NA
1463;"23/08/2024";"Vente";79000;"NIORT";"79";"Maison";42;1;79
1466;"27/08/2024";"Vente";79270;"FRONTENAY-ROHAN-ROHAN";"79";"Maison";107;4;447
1469;"30/08/2024";"Vente";79000;"NIORT";"79";"Appartement";64;3;NA
1472;"12/08/2024";"Vente";79180;"CHAURAY";"79";"Maison";200;7;2520
1476;"26/08/2024";"Vente";79260;"LA CRECHE";"79";"Maison";134;6;1003
1478;"05/09/2024";"Vente";79410;"SAINT-MAXIRE";"79";"Maison";119;4;527
1479;"26/08/2024";"Vente";79270;"FRONTENAY-ROHAN-ROHAN";"79";"Maison";63;3;361
1480;"12/08/2024";"Vente";79000;"NIORT";"79";"Maison";94;5;336
1481;"30/08/2024";"Vente";79000;"NIORT";"79";"Maison";92;5;319
1485;"29/08/2024";"Vente";79000;"NIORT";"79";"Maison";98;4;589
1491;"22/08/2024";"Vente";79210;"LE BOURDET";"79";"Maison";129;5;918
1497;"29/08/2024";"Vente";79000;"NIORT";"79";"Maison";66;3;78
1498;"04/09/2024";"Vente";79000;"NIORT";"79";"Maison";64;2;253
1500;"30/08/2024";"Vente";79410;"ECHIRE";"79";"Maison";180;6;1165
1507;"03/09/2024";"Vente";79270;"FRONTENAY-ROHAN-ROHAN";"79";"Maison";73;4;432
1510;"19/09/2024";"Vente";79000;"NIORT";"79";"Maison";132;5;1121
1512;"27/08/2024";"Vente";79000;"NIORT";"79";"Appartement";78;3;NA
1515;"29/08/2024";"Vente";79230;"PRAHECQ";"79";"Maison";143;6;1052
1517;"29/08/2024";"Vente";79360;"BEAUVOIR-SUR-NIORT";"79";"Maison";129;6;617
1518;"06/09/2024";"Vente";79360;"GRANZAY-GRIPT";"79";"Maison";147;5;578
1520;"06/09/2024";"Vente";79000;"NIORT";"79";"Appartement";77;4;NA
1530;"30/08/2024";"Vente";79460;"MAGNE";"79";"Maison";130;4;294
1540;"06/09/2024";"Vente";79000;"NIORT";"79";"Appartement";34;2;NA
1549;"25/09/2024";"Vente";79260;"LA CRECHE";"79";"Maison";120;4;412
1552;"16/09/2024";"Vente";79000;"NIORT";"79";"Maison";78;5;492
1553;"03/09/2024";"Vente";79260;"LA CRECHE";"79";"Maison";75;3;223
1555;"12/09/2024";"Vente";79000;"NIORT";"79";"Appartement";23;1;NA
1557;"12/09/2024";"Vente";79360;"BEAUVOIR-SUR-NIORT";"79";"Maison";135;6;1204
1561;"20/09/2024";"Vente";79000;"NIORT";"79";"Appartement";134;4;NA
1565;"20/09/2024";"Vente";79000;"NIORT";"79";"Maison";68;3;46
1570;"06/09/2024";"Vente";79000;"NIORT";"79";"Maison";77;4;226
1582;"30/09/2024";"Vente";79410;"SAINT-REMY";"79";"Maison";77;2;589
1593;"13/09/2024";"Vente";79230;"VOUILLE";"79";"Maison";97;4;744
1603;"04/10/2024";"Vente";79000;"NIORT";"79";"Appartement";45;1;NA
1608;"04/10/2024";"Vente";79410;"SAINT GELAIS";"79";"Maison";83;4;575
1615;"30/09/2024";"Vente";79000;"NIORT";"79";"Maison";103;5;500
1620;"16/09/2024";"Vente";79000;"NIORT";"79";"Appartement";36;1;NA
1623;"01/10/2024";"Vente";79000;"NIORT";"79";"Appartement";43;2;NA
1633;"25/09/2024";"Vente";79210;"SAINT-HILAIRE-LA-PALUD";"79";"Maison";92;4;241
1635;"15/10/2024";"Vente";79000;"NIORT";"79";"Appartement";65;3;NA
1653;"02/10/2024";"Vente";79210;"SAINT-HILAIRE-LA-PALUD";"79";"Maison";119;2;501
1670;"30/09/2024";"Vente";79260;"LA CRECHE";"79";"Maison";160;6;1006
1676;"27/09/2024";"Vente";79360;"BEAUVOIR-SUR-NIORT";"79";"Maison";79;4;NA
1681;"30/09/2024";"Vente";79000;"NIORT";"79";"Appartement";43;2;NA
1689;"18/10/2024";"Vente";79000;"NIORT";"79";"Maison";147;5;800
1695;"11/10/2024";"Vente";79260;"LA CRECHE";"79";"Maison";111;4;697
1696;"29/10/2024";"Vente";79000;"NIORT";"79";"Maison";133;4;510
1697;"25/10/2024";"Vente";79410;"SAINT GELAIS";"79";"Maison";127;4;655
1700;"29/10/2024";"Vente";79000;"NIORT";"79";"Maison";91;3;178
1702;"23/10/2024";"Vente";79000;"NIORT";"79";"Maison";245;7;335
1703;"22/10/2024";"Vente";79000;"NIORT";"79";"Maison";100;4;140
1713;"22/10/2024";"Vente";79000;"NIORT";"79";"Appartement";64;2;NA
1723;"17/10/2024";"Vente";79230;"AIFFRES";"79";"Maison";127;6;812
1726;"24/10/2024";"Vente";79460;"MAGNE";"79";"Maison";70;4;420
1733;"17/10/2024";"Vente";79000;"NIORT";"79";"Maison";67;4;304
1737;"17/10/2024";"Vente";79360;"PLAINE-D'ARGENSON";"79";"Maison";70;3;715
1751;"25/10/2024";"Vente";79360;"BEAUVOIR-SUR-NIORT";"79";"Maison";248;5;519
1755;"30/10/2024";"Vente";79000;"NIORT";"79";"Maison";115;6;673
1764;"13/11/2024";"Vente";79230;"AIFFRES";"79";"Maison";73;3;511
1770;"17/10/2024";"Vente";79270;"LE VANNEAU-IRLEAU";"79";"Maison";81;4;902
1783;"06/11/2024";"Vente";79210;"MAUZE-SUR-LE-MIGNON";"79";"Maison";62;3;254
1799;"31/10/2024";"Vente";79000;"NIORT";"79";"Maison";104;5;455
1803;"04/11/2024";"Vente";79270;"FRONTENAY-ROHAN-ROHAN";"79";"Appartement";57;3;NA
1808;"24/10/2024";"Vente";79360;"BEAUVOIR-SUR-NIORT";"79";"Maison";114;5;1200
1811;"30/10/2024";"Vente";79210;"MAUZE-SUR-LE-MIGNON";"79";"Maison";112;4;1066
1821;"14/11/2024";"Vente";79000;"NIORT";"79";"Appartement";24;1;NA
1849;"18/11/2024";"Vente";79210;"SAINT-HILAIRE-LA-PALUD";"79";"Maison";86;4;312
1852;"28/11/2024";"Vente";79260;"LA CRECHE";"79";"Maison";132;5;1420
1864;"08/11/2024";"Vente";79270;"FRONTENAY-ROHAN-ROHAN";"79";"Maison";181;6;440
1867;"18/11/2024";"Vente";79000;"NIORT";"79";"Maison";56;2;126
1869;"28/11/2024";"Vente";79000;"NIORT";"79";"Appartement";39;2;NA
1877;"03/12/2024";"Vente";79000;"NIORT";"79";"Maison";73;3;214
1897;"10/12/2024";"Vente";79000;"NIORT";"79";"Appartement";42;2;NA
1899;"14/11/2024";"Vente";79360;"BEAUVOIR-SUR-NIORT";"79";"Maison";52;2;507
1907;"25/11/2024";"Vente";79000;"NIORT";"79";"Appartement";66;3;NA
1910;"09/12/2024";"Vente";79360;"LA FOYE MONJAULT";"79";"Maison";105;5;571
1913;"13/12/2024";"Vente";79000;"NIORT";"79";"Maison";86;4;573
1914;"03/12/2024";"Vente";79260;"LA CRECHE";"79";"Maison";62;3;375
1919;"12/12/2024";"Vente";79000;"NIORT";"79";"Maison";73;4;563
1923;"06/12/2024";"Vente";79230;"AIFFRES";"79";"Maison";77;4;186
1924;"04/12/2024";"Vente";79270;"FRONTENAY-ROHAN-ROHAN";"79";"Maison";63;3;355
1932;"10/12/2024";"Vente";79230;"AIFFRES";"79";"Maison";64;3;428
1939;"28/11/2024";"Vente";79000;"NIORT";"79";"Maison";117;6;444
1941;"09/12/2024";"Vente";79000;"NIORT";"79";"Appartement";29;1;NA
1944;"18/12/2024";"Vente";79000;"NIORT";"79";"Appartement";53;1;NA
1958;"18/12/2024";"Vente";79210;"AMURE";"79";"Maison";92;4;761
1964;"13/12/2024";"Vente";79000;"NIORT";"79";"Appartement";20;1;NA
1977;"27/12/2024";"Vente";79210;"ARCAIS";"79";"Maison";90;4;58
1980;"13/12/2024";"Vente";79000;"NIORT";"79";"Maison";105;4;355
1981;"18/12/2024";"Vente";79000;"NIORT";"79";"Maison";73;4;136
1987;"27/12/2024";"Vente";79510;"COULON";"79";"Maison";97;4;1360
1988;"23/12/2024";"Vente";79000;"NIORT";"79";"Appartement";71;4;NA
1991;"05/12/2024";"Vente";79000;"BESSINES";"79";"Maison";98;5;1642
1996;"17/12/2024";"Vente";79210;"VAL-DU-MIGNON";"79";"Maison";123;5;424
1999;"23/12/2024";"Vente";79000;"NIORT";"79";"Maison";166;5;1000
2009;"30/12/2024";"Vente";79000;"NIORT";"79";"Maison";80;5;380
2010;"30/12/2024";"Vente";79000;"NIORT";"79";"Maison";36;1;779
2013;"30/12/2024";"Vente";79460;"MAGNE";"79";"Maison";196;4;672
2018;"16/12/2024";"Vente";79410;"ECHIRE";"79";"Maison";42;3;170
2028;"27/12/2024";"Vente";79000;"NIORT";"79";"Appartement";45;1;NA
2044;"23/12/2024";"Vente";79210;"SAINT-HILAIRE-LA-PALUD";"79";"Maison";105;2;174
2070;"09/01/2023";"Vente";79000;"NIORT";"79";"Appartement";43;2;NA
2080;"04/01/2023";"Vente";79180;"CHAURAY";"79";"Maison";85;4;421
2081;"06/01/2023";"Vente";79000;"NIORT";"79";"Maison";92;4;333
2084;"13/01/2023";"Vente";79000;"NIORT";"79";"Appartement";81;4;NA
2095;"05/01/2023";"Vente";79000;"NIORT";"79";"Maison";99;4;458
2097;"18/01/2023";"Vente";79000;"NIORT";"79";"Maison";124;7;116
2099;"25/01/2023";"Vente";79000;"NIORT";"79";"Maison";86;4;558
2101;"03/01/2023";"Vente";79180;"CHAURAY";"79";"Maison";44;2;127
2109;"04/01/2023";"Vente";79360;"BEAUVOIR-SUR-NIORT";"79";"Maison";97;4;312
2112;"10/01/2023";"Vente";79000;"NIORT";"79";"Maison";75;5;224
2113;"23/01/2023";"Vente";79000;"NIORT";"79";"Appartement";60;3;NA
2116;"12/01/2023";"Vente";79000;"NIORT";"79";"Maison";139;7;406
2145;"20/01/2023";"Vente";79270;"FRONTENAY-ROHAN-ROHAN";"79";"Maison";98;5;397
2148;"16/01/2023";"Vente";79000;"NIORT";"79";"Maison";84;4;672
2157;"25/01/2023";"Vente";79410;"ECHIRE";"79";"Maison";141;6;606
2160;"13/02/2023";"Vente";79000;"NIORT";"79";"Appartement";30;2;NA
2162;"10/02/2023";"Vente";79000;"NIORT";"79";"Maison";97;4;178
2180;"13/02/2023";"Vente";79000;"NIORT";"79";"Appartement";30;2;NA
2182;"15/02/2023";"Vente";79270;"FRONTENAY-ROHAN-ROHAN";"79";"Maison";123;4;195
2184;"14/02/2023";"Vente";79210;"SAINT-HILAIRE-LA-PALUD";"79";"Maison";77;4;657
2185;"26/01/2023";"Vente";79000;"NIORT";"79";"Maison";85;5;109
2199;"02/02/2023";"Vente";79230;"JUSCORPS";"79";"Maison";95;4;1202
2201;"02/02/2023";"Vente";79000;"NIORT";"79";"Maison";49;3;34
2203;"30/01/2023";"Vente";79270;"SAINT-SYMPHORIEN";"79";"Maison";118;7;1202
2215;"22/02/2023";"Vente";79000;"NIORT";"79";"Appartement";53;2;NA
2220;"10/02/2023";"Vente";79000;"NIORT";"79";"Appartement";72;4;NA
2221;"31/01/2023";"Vente";79160;"COULONGES-SUR-L AUTIZE";"79";"Maison";143;3;941
2230;"01/02/2023";"Vente";79000;"NIORT";"79";"Maison";128;5;686
2237;"16/02/2023";"Vente";79000;"NIORT";"79";"Appartement";21;1;NA
2242;"17/02/2023";"Vente";79180;"CHAURAY";"79";"Appartement";56;3;NA
2250;"27/02/2023";"Vente";79000;"NIORT";"79";"Appartement";80;3;NA
2253;"03/03/2023";"Vente";79000;"NIORT";"79";"Appartement";47;2;NA
2273;"17/02/2023";"Vente";79260;"LA CRECHE";"79";"Maison";80;4;585
2281;"28/02/2023";"Vente";79000;"NIORT";"79";"Appartement";19;1;NA
2299;"10/02/2023";"Vente";79000;"NIORT";"79";"Appartement";71;4;NA
2300;"06/03/2023";"Vente";79410;"ECHIRE";"79";"Maison";148;5;1008
2313;"24/02/2023";"Vente";79000;"NIORT";"79";"Maison";110;4;68
2317;"02/03/2023";"Vente";79000;"NIORT";"79";"Appartement";59;3;NA
2347;"02/03/2023";"Vente";79000;"NIORT";"79";"Maison";78;4;450
2395;"21/03/2023";"Vente";79460;"MAGNE";"79";"Maison";138;4;703
2396;"03/03/2023";"Vente";79360;"BEAUVOIR-SUR-NIORT";"79";"Maison";101;4;750
2404;"31/03/2023";"Vente";79000;"NIORT";"79";"Maison";63;3;193
2407;"24/03/2023";"Vente";79230;"VOUILLE";"79";"Maison";125;5;473
2416;"17/03/2023";"Vente";79180;"CHAURAY";"79";"Maison";44;2;194
2445;"27/03/2023";"Vente";79360;"LA FOYE MONJAULT";"79";"Maison";73;3;1021
2455;"04/04/2023";"Vente";79270;"EPANNES";"79";"Maison";105;5;986
2463;"06/04/2023";"Vente";79270;"FRONTENAY-ROHAN-ROHAN";"79";"Maison";160;5;338
2465;"06/04/2023";"Vente";79270;"FRONTENAY-ROHAN-ROHAN";"79";"Maison";103;5;973
2468;"22/03/2023";"Vente";79160;"VILLIERS-EN-PLAINE";"79";"Maison";96;4;905
2485;"11/04/2023";"Vente";79000;"NIORT";"79";"Maison";70;4;426
2487;"17/04/2023";"Vente";79000;"NIORT";"79";"Appartement";77;4;NA
2499;"29/03/2023";"Vente";79000;"NIORT";"79";"Maison";118;7;1170
2502;"04/04/2023";"Vente";79000;"NIORT";"79";"Appartement";34;2;NA
2508;"07/04/2023";"Vente";79000;"NIORT";"79";"Appartement";62;3;NA
2516;"24/04/2023";"Vente";79210;"LE BOURDET";"79";"Maison";122;4;646
2519;"30/03/2023";"Vente";79000;"NIORT";"79";"Maison";46;2;41
2524;"05/04/2023";"Vente";79000;"NIORT";"79";"Maison";144;5;80
2528;"25/04/2023";"Vente";79000;"NIORT";"79";"Maison";128;5;853
2530;"05/04/2023";"Vente";79270;"LE VANNEAU-IRLEAU";"79";"Maison";48;1;102
2533;"04/04/2023";"Vente";79000;"NIORT";"79";"Maison";76;4;618
2541;"26/04/2023";"Vente";79000;"NIORT";"79";"Maison";43;2;441
2543;"17/04/2023";"Vente";79000;"NIORT";"79";"Appartement";82;4;NA
2544;"27/04/2023";"Vente";79360;"LA FOYE MONJAULT";"79";"Maison";143;3;1354
2548;"20/04/2023";"Vente";79000;"NIORT";"79";"Maison";83;5;722
2556;"19/04/2023";"Vente";79260;"LA CRECHE";"79";"Maison";131;6;288
2565;"06/04/2023";"Vente";79000;"NIORT";"79";"Maison";78;4;351
2571;"03/05/2023";"Vente";79230;"AIFFRES";"79";"Maison";96;4;820
2590;"28/04/2023";"Vente";79000;"NIORT";"79";"Maison";125;5;126
2591;"20/04/2023";"Vente";79180;"CHAURAY";"79";"Maison";112;5;530
2593;"17/04/2023";"Vente";79410;"SAINT-MAXIRE";"79";"Maison";139;5;627
2598;"11/05/2023";"Vente";79210;"MAUZE-SUR-LE-MIGNON";"79";"Maison";106;5;127
2612;"02/05/2023";"Vente";79000;"NIORT";"79";"Maison";92;4;106
2617;"27/04/2023";"Vente";79180;"CHAURAY";"79";"Appartement";48;2;NA
2620;"19/04/2023";"Vente";79410;"ECHIRE";"79";"Maison";87;4;516
2625;"24/04/2023";"Vente";79000;"NIORT";"79";"Appartement";46;3;NA
2633;"28/04/2023";"Vente";79000;"NIORT";"79";"Maison";78;4;346
2636;"04/05/2023";"Vente";79000;"NIORT";"79";"Appartement";60;3;NA
2641;"22/05/2023";"Vente";79000;"NIORT";"79";"Maison";85;3;66
2657;"11/05/2023";"Vente";79000;"NIORT";"79";"Appartement";25;1;NA
2660;"12/05/2023";"Vente";79180;"CHAURAY";"79";"Maison";60;3;310
2663;"09/05/2023";"Vente";79000;"NIORT";"79";"Maison";85;4;450
2668;"15/05/2023";"Vente";79000;"NIORT";"79";"Maison";72;4;233
2677;"24/05/2023";"Vente";79000;"NIORT";"79";"Appartement";55;3;NA
2687;"31/05/2023";"Vente";79230;"PRAHECQ";"79";"Maison";81;5;3338
2690;"17/05/2023";"Vente";79410;"SAINT-MAXIRE";"79";"Maison";78;4;432
2692;"05/06/2023";"Vente";79000;"NIORT";"79";"Maison";96;5;447
2694;"01/06/2023";"Vente";79000;"NIORT";"79";"Maison";75;4;117
2695;"30/05/2023";"Vente";79000;"NIORT";"79";"Appartement";39;2;NA
2706;"15/05/2023";"Vente";79000;"NIORT";"79";"Maison";70;4;414
2707;"06/06/2023";"Vente";79160;"COULONGES-SUR-L AUTIZE";"79";"Maison";52;3;431
2710;"22/05/2023";"Vente";79410;"SAINT GELAIS";"79";"Maison";175;6;406
2713;"08/06/2023";"Vente";79180;"CHAURAY";"79";"Maison";87;4;407
2715;"22/05/2023";"Vente";79000;"NIORT";"79";"Maison";68;4;361
2718;"07/06/2023";"Vente";79000;"NIORT";"79";"Maison";90;4;765
2722;"30/05/2023";"Vente";79000;"NIORT";"79";"Appartement";55;3;NA
2729;"25/05/2023";"Vente";79210;"PRIN-DEYRANCON";"79";"Maison";235;8;835
2731;"24/05/2023";"Vente";79210;"SAINT-HILAIRE-LA-PALUD";"79";"Maison";75;4;573
2737;"02/06/2023";"Vente";79000;"NIORT";"79";"Appartement";43;2;NA
2742;"14/06/2023";"Vente";79000;"NIORT";"79";"Maison";125;4;455
2745;"30/05/2023";"Vente";79000;"NIORT";"79";"Maison";80;4;932
2747;"01/06/2023";"Vente";79410;"SAINT-REMY";"79";"Maison";77;2;475
2765;"30/05/2023";"Vente";79260;"LA CRECHE";"79";"Maison";110;5;1036
2770;"19/06/2023";"Vente";79360;"BEAUVOIR-SUR-NIORT";"79";"Maison";154;6;1123
2774;"31/05/2023";"Vente";79260;"LA CRECHE";"79";"Maison";154;6;1285
2797;"06/06/2023";"Vente";79260;"LA CRECHE";"79";"Maison";172;4;481
2801;"20/06/2023";"Vente";79210;"MAUZE-SUR-LE-MIGNON";"79";"Maison";73;3;945
2802;"15/06/2023";"Vente";79000;"NIORT";"79";"Maison";74;4;210
2808;"29/06/2023";"Vente";79000;"NIORT";"79";"Maison";105;4;554
2810;"23/06/2023";"Vente";79160;"COULONGES-SUR-L AUTIZE";"79";"Maison";78;4;243
2820;"23/06/2023";"Vente";79000;"NIORT";"79";"Maison";64;4;35
2836;"28/06/2023";"Vente";79230;"AIFFRES";"79";"Maison";88;4;1032
2842;"29/06/2023";"Vente";79000;"NIORT";"79";"Appartement";67;4;NA
2844;"16/06/2023";"Vente";79270;"SANSAIS";"79";"Maison";85;4;1185
2845;"30/06/2023";"Vente";79000;"NIORT";"79";"Maison";88;3;449
2850;"22/06/2023";"Vente";79460;"MAGNE";"79";"Maison";27;1;143
2851;"29/06/2023";"Vente";79000;"NIORT";"79";"Maison";96;4;371
2881;"22/06/2023";"Vente";79210;"MAUZE-SUR-LE-MIGNON";"79";"Maison";88;4;599
2882;"05/07/2023";"Vente";79210;"LE BOURDET";"79";"Maison";110;4;1330
2885;"27/06/2023";"Vente";79180;"CHAURAY";"79";"Maison";93;4;582
2886;"23/06/2023";"Vente";79000;"NIORT";"79";"Maison";138;4;347
2890;"06/07/2023";"Vente";79000;"NIORT";"79";"Appartement";89;3;NA
2896;"22/06/2023";"Vente";79360;"LA FOYE MONJAULT";"79";"Maison";85;4;365
2902;"11/07/2023";"Vente";79180;"CHAURAY";"79";"Appartement";56;3;NA
2903;"03/07/2023";"Vente";79460;"MAGNE";"79";"Maison";14;1;310
2909;"06/07/2023";"Vente";79000;"NIORT";"79";"Maison";96;2;242
2914;"29/06/2023";"Vente";79230;"PRAHECQ";"79";"Maison";118;4;537
2915;"29/06/2023";"Vente";79260;"LA CRECHE";"79";"Maison";92;5;833
2916;"17/07/2023";"Vente";79000;"NIORT";"79";"Maison";88;4;428
2918;"29/06/2023";"Vente";79210;"SAINT-HILAIRE-LA-PALUD";"79";"Maison";153;5;149
2927;"10/07/2023";"Vente";79000;"NIORT";"79";"Maison";36;1;25
2933;"30/06/2023";"Vente";79000;"NIORT";"79";"Appartement";46;2;NA
2938;"03/07/2023";"Vente";79000;"NIORT";"79";"Maison";130;5;326
2946;"13/07/2023";"Vente";79270;"SAINT-SYMPHORIEN";"79";"Maison";95;5;742
2967;"17/07/2023";"Vente";79000;"NIORT";"79";"Appartement";62;3;NA
2988;"20/07/2023";"Vente";79270;"LE VANNEAU-IRLEAU";"79";"Maison";114;5;1500
2993;"31/07/2023";"Vente";79410;"SAINT-REMY";"79";"Maison";71;3;427
2998;"12/07/2023";"Vente";79270;"SAINT-SYMPHORIEN";"79";"Maison";155;5;961
3003;"24/07/2023";"Vente";79210;"MAUZE-SUR-LE-MIGNON";"79";"Maison";64;3;608
3016;"24/07/2023";"Vente";79000;"NIORT";"79";"Maison";36;1;24
3018;"20/07/2023";"Vente";79180;"CHAURAY";"79";"Appartement";60;3;NA
3020;"19/07/2023";"Vente";79000;"NIORT";"79";"Maison";70;4;256
3021;"13/07/2023";"Vente";79000;"NIORT";"79";"Maison";75;5;412
3047;"07/08/2023";"Vente";79460;"MAGNE";"79";"Maison";160;4;305
3053;"01/08/2023";"Vente";79000;"NIORT";"79";"Maison";78;4;246
3062;"13/07/2023";"Vente";79000;"NIORT";"79";"Maison";91;5;658
3075;"16/08/2023";"Vente";79000;"NIORT";"79";"Maison";100;5;489
3079;"16/08/2023";"Vente";79000;"NIORT";"79";"Maison";60;3;58
3084;"25/07/2023";"Vente";79000;"NIORT";"79";"Maison";90;4;478
3085;"08/08/2023";"Vente";79000;"NIORT";"79";"Maison";166;7;783
3090;"16/08/2023";"Vente";79000;"NIORT";"79";"Appartement";41;2;NA
3104;"10/08/2023";"Vente";79000;"NIORT";"79";"Appartement";43;2;NA
3105;"07/08/2023";"Vente";79000;"NIORT";"79";"Maison";97;4;211
3108;"07/08/2023";"Vente";79210;"AMURE";"79";"Maison";98;4;801
3109;"11/08/2023";"Vente";79230;"AIFFRES";"79";"Maison";92;5;609
3117;"27/07/2023";"Vente";79000;"NIORT";"79";"Appartement";154;5;NA
3118;"23/08/2023";"Vente";79000;"SCIECQ";"79";"Maison";134;5;222
3119;"18/08/2023";"Vente";79000;"NIORT";"79";"Maison";95;4;704
3120;"18/08/2023";"Vente";79000;"NIORT";"79";"Maison";85;5;175
3128;"11/08/2023";"Vente";79180;"CHAURAY";"79";"Maison";80;4;NA
3142;"22/08/2023";"Vente";79180;"CHAURAY";"79";"Maison";137;6;688
3143;"25/08/2023";"Vente";79000;"NIORT";"79";"Maison";99;4;461
3156;"07/08/2023";"Vente";79410;"SAINT-MAXIRE";"79";"Maison";143;5;287
3171;"31/08/2023";"Vente";79000;"NIORT";"79";"Maison";111;5;190
3172;"01/09/2023";"Vente";79000;"NIORT";"79";"Maison";127;6;503
3173;"29/08/2023";"Vente";79510;"COULON";"79";"Maison";97;4;149
3184;"30/08/2023";"Vente";79000;"NIORT";"79";"Appartement";36;2;NA
3185;"07/09/2023";"Vente";79460;"MAGNE";"79";"Maison";44;2;430
3190;"04/09/2023";"Vente";79410;"SAINT GELAIS";"79";"Maison";80;4;1094
3200;"30/08/2023";"Vente";79000;"NIORT";"79";"Maison";37;2;16
3204;"04/09/2023";"Vente";79000;"NIORT";"79";"Maison";74;4;179
3205;"06/09/2023";"Vente";79230;"FORS";"79";"Maison";64;3;567
3206;"05/09/2023";"Vente";79000;"NIORT";"79";"Maison";92;4;36
3207;"28/08/2023";"Vente";79180;"CHAURAY";"79";"Maison";92;3;850
3216;"31/08/2023";"Vente";79000;"NIORT";"79";"Maison";170;6;1427
3221;"31/08/2023";"Vente";79000;"BESSINES";"79";"Maison";136;5;1023
3231;"13/09/2023";"Vente";79000;"NIORT";"79";"Appartement";64;3;NA
3236;"31/08/2023";"Vente";79180;"CHAURAY";"79";"Maison";103;4;618
3243;"16/09/2023";"Vente";79180;"CHAURAY";"79";"Maison";99;6;640
3257;"13/09/2023";"Vente";79000;"NIORT";"79";"Maison";86;4;363
3270;"18/09/2023";"Vente";79000;"NIORT";"79";"Maison";68;4;461
3271;"15/09/2023";"Vente";79410;"ECHIRE";"79";"Maison";90;3;58
3272;"15/09/2023";"Vente";79180;"CHAURAY";"79";"Maison";124;4;642
3278;"25/09/2023";"Vente";79000;"NIORT";"79";"Appartement";77;3;NA
3280;"15/09/2023";"Vente";79360;"BEAUVOIR-SUR-NIORT";"79";"Maison";75;4;744
3281;"19/09/2023";"Vente";79000;"NIORT";"79";"Appartement";36;1;NA
3294;"19/09/2023";"Vente";79270;"FRONTENAY-ROHAN-ROHAN";"79";"Maison";135;5;965
3312;"21/09/2023";"Vente";79270;"SANSAIS";"79";"Maison";200;5;203
3315;"29/09/2023";"Vente";79000;"NIORT";"79";"Maison";71;4;206
3316;"04/10/2023";"Vente";79460;"MAGNE";"79";"Maison";102;5;1001
3325;"26/09/2023";"Vente";79000;"NIORT";"79";"Maison";85;4;125
3327;"02/10/2023";"Vente";79000;"NIORT";"79";"Appartement";59;2;NA
3331;"05/10/2023";"Vente";79270;"FRONTENAY-ROHAN-ROHAN";"79";"Maison";105;4;1153
3332;"06/10/2023";"Vente";79180;"CHAURAY";"79";"Maison";84;4;534
3340;"20/09/2023";"Vente";79410;"SAINT-REMY";"79";"Maison";100;5;255
3346;"29/09/2023";"Vente";79180;"CHAURAY";"79";"Maison";77;4;602
3351;"27/09/2023";"Vente";79000;"NIORT";"79";"Appartement";16;1;NA
3360;"23/09/2023";"Vente";79000;"NIORT";"79";"Maison";62;3;547
3375;"19/10/2023";"Vente";79000;"NIORT";"79";"Maison";51;3;24
3383;"13/10/2023";"Vente";79000;"NIORT";"79";"Maison";54;3;418
3387;"13/10/2023";"Vente";79210;"AMURE";"79";"Maison";131;4;1243
3388;"12/10/2023";"Vente";79000;"NIORT";"79";"Maison";70;3;72
3393;"23/10/2023";"Vente";79000;"NIORT";"79";"Maison";74;4;174
3396;"27/10/2023";"Vente";79000;"NIORT";"79";"Maison";206;6;2140
3399;"26/10/2023";"Vente";79000;"NIORT";"79";"Appartement";22;1;NA
3411;"31/10/2023";"Vente";79360;"PLAINE-D'ARGENSON";"79";"Maison";83;3;194
3412;"20/10/2023";"Vente";79360;"BEAUVOIR-SUR-NIORT";"79";"Maison";110;5;311
3413;"27/10/2023";"Vente";79210;"VAL-DU-MIGNON";"79";"Maison";149;5;1340
3417;"10/10/2023";"Vente";79000;"NIORT";"79";"Appartement";50;2;NA
3423;"24/10/2023";"Vente";79000;"NIORT";"79";"Maison";105;3;784
3442;"31/10/2023";"Vente";79000;"NIORT";"79";"Appartement";24;1;NA
3450;"16/10/2023";"Vente";79360;"MARIGNY";"79";"Maison";121;6;1176
3455;"16/10/2023";"Vente";79000;"NIORT";"79";"Appartement";66;3;NA
3459;"03/11/2023";"Vente";79180;"CHAURAY";"79";"Maison";120;5;420
3463;"10/11/2023";"Vente";79000;"NIORT";"79";"Maison";70;3;967
3465;"17/10/2023";"Vente";79210;"SAINT-HILAIRE-LA-PALUD";"79";"Maison";106;4;720
3476;"30/10/2023";"Vente";79360;"GRANZAY-GRIPT";"79";"Maison";159;5;997
3487;"07/11/2023";"Vente";79360;"BEAUVOIR-SUR-NIORT";"79";"Maison";117;4;150
3495;"06/11/2023";"Vente";79230;"AIFFRES";"79";"Maison";89;4;366
3502;"15/11/2023";"Vente";79000;"NIORT";"79";"Maison";78;4;215
3505;"20/11/2023";"Vente";79000;"NIORT";"79";"Maison";74;4;508
3508;"08/11/2023";"Vente";79000;"NIORT";"79";"Maison";79;4;659
3509;"08/11/2023";"Vente";79210;"ARCAIS";"79";"Maison";66;2;70
3510;"08/11/2023";"Vente";79000;"NIORT";"79";"Appartement";21;1;NA
3511;"14/11/2023";"Vente";79230;"FORS";"79";"Maison";88;3;96
3513;"22/11/2023";"Vente";79180;"CHAURAY";"79";"Maison";78;4;244
3523;"24/11/2023";"Vente";79000;"NIORT";"79";"Maison";77;4;346
3529;"27/11/2023";"Vente";79000;"NIORT";"79";"Appartement";43;2;NA
3541;"01/12/2023";"Vente";79000;"NIORT";"79";"Appartement";38;2;NA
3543;"23/11/2023";"Vente";79000;"NIORT";"79";"Appartement";64;3;NA
3547;"20/11/2023";"Vente";79410;"SAINT GELAIS";"79";"Maison";103;5;450
3550;"01/12/2023";"Vente";79000;"NIORT";"79";"Maison";92;5;213
3552;"23/11/2023";"Vente";79000;"NIORT";"79";"Maison";120;4;680
3567;"05/12/2023";"Vente";79210;"PRIN-DEYRANCON";"79";"Maison";116;4;590
3571;"30/11/2023";"Vente";79000;"NIORT";"79";"Maison";96;4;96
3576;"16/11/2023";"Vente";79160;"VILLIERS-EN-PLAINE";"79";"Maison";78;3;2085
3582;"13/11/2023";"Vente";79000;"NIORT";"79";"Appartement";81;3;NA
3585;"08/12/2023";"Vente";79230;"SAINT-MARTIN-DE-BERNEGOUE";"79";"Maison";64;2;562
3587;"13/12/2023";"Vente";79230;"SAINT-ROMANS-DES-CHAMPS";"79";"Maison";101;3;948
3596;"24/11/2023";"Vente";79000;"NIORT";"79";"Appartement";57;3;NA
3610;"19/12/2023";"Vente";79000;"NIORT";"79";"Appartement";83;5;NA
3627;"30/11/2023";"Vente";79000;"NIORT";"79";"Maison";150;7;786
3628;"19/12/2023";"Vente";79360;"PLAINE-D'ARGENSON";"79";"Maison";163;6;1001
3635;"14/12/2023";"Vente";79000;"NIORT";"79";"Maison";72;4;245
3638;"29/12/2023";"Vente";79000;"NIORT";"79";"Maison";30;2;43
3649;"28/12/2023";"Vente";79000;"NIORT";"79";"Maison";113;5;477
3652;"28/12/2023";"Vente";79000;"NIORT";"79";"Maison";78;4;166
3674;"11/12/2023";"Vente";79000;"NIORT";"79";"Maison";68;3;340
3677;"07/12/2023";"Vente";79000;"NIORT";"79";"Appartement";37;1;NA
3682;"13/12/2023";"Vente";79000;"NIORT";"79";"Appartement";20;1;NA
3695;"27/12/2023";"Vente";79000;"NIORT";"79";"Maison";111;4;733
3700;"20/12/2023";"Vente";79000;"NIORT";"79";"Maison";96;5;378
3702;"15/12/2023";"Vente";79460;"MAGNE";"79";"Maison";109;4;1500
3703;"22/12/2023";"Vente";79000;"NIORT";"79";"Maison";69;4;172
3711;"27/12/2023";"Vente";79000;"NIORT";"79";"Appartement";42;2;NA
3713;"22/12/2023";"Vente";79210;"ARCAIS";"79";"Maison";51;1;497
3720;"27/12/2023";"Vente";79230;"BRULAIN";"79";"Maison";48;2;1002
3721;"27/12/2023";"Vente";79260;"LA CRECHE";"79";"Maison";135;4;2327
3723;"29/12/2023";"Vente";79000;"NIORT";"79";"Maison";88;4;NA
3733;"09/08/2023";"Vente";79410;"ECHIRE";"79";"Maison";154;3;494
3735;"04/01/2022";"Vente";79000;"NIORT";"79";"Maison";55;3;509
3771;"20/01/2022";"Vente";79230;"PRAHECQ";"79";"Maison";75;4;619
3772;"03/01/2022";"Vente";79160;"COULONGES-SUR-L AUTIZE";"79";"Maison";90;3;140
3774;"12/01/2022";"Vente";79160;"COULONGES-SUR-L AUTIZE";"79";"Maison";72;3;187
3776;"07/01/2022";"Vente";79160;"COULONGES-SUR-L AUTIZE";"79";"Maison";67;3;165
3777;"20/01/2022";"Vente";79000;"NIORT";"79";"Maison";88;4;470
3783;"14/01/2022";"Vente";79000;"NIORT";"79";"Appartement";41;2;NA
3785;"28/01/2022";"Vente";79000;"NIORT";"79";"Maison";168;4;92
3786;"25/01/2022";"Vente";79230;"AIFFRES";"79";"Maison";121;5;628
3791;"14/01/2022";"Vente";79180;"CHAURAY";"79";"Maison";97;4;427
3795;"14/01/2022";"Vente";79000;"NIORT";"79";"Maison";134;5;674
3798;"11/01/2022";"Vente";79000;"NIORT";"79";"Appartement";53;3;NA
3803;"07/01/2022";"Vente";79460;"MAGNE";"79";"Maison";155;6;582
3806;"07/01/2022";"Vente";79270;"SAINT-SYMPHORIEN";"79";"Maison";110;3;805
3810;"18/01/2022";"Vente";79360;"GRANZAY-GRIPT";"79";"Maison";130;5;1564
3818;"18/01/2022";"Vente";79270;"FRONTENAY-ROHAN-ROHAN";"79";"Maison";99;5;413
3831;"07/02/2022";"Vente";79000;"NIORT";"79";"Appartement";65;4;NA
3837;"14/01/2022";"Vente";79000;"NIORT";"79";"Maison";92;3;502
3840;"26/01/2022";"Vente";79000;"NIORT";"79";"Maison";48;2;129
3842;"14/01/2022";"Vente";79230;"JUSCORPS";"79";"Maison";89;4;1218
3843;"17/01/2022";"Vente";79000;"NIORT";"79";"Maison";138;7;500
3857;"27/01/2022";"Vente";79270;"SAINT-SYMPHORIEN";"79";"Maison";100;4;802
3860;"10/02/2022";"Vente";79360;"LA FOYE MONJAULT";"79";"Maison";111;4;935
3862;"26/01/2022";"Vente";79000;"NIORT";"79";"Maison";87;4;528
3866;"28/01/2022";"Vente";79000;"NIORT";"79";"Maison";90;4;253
3870;"25/01/2022";"Vente";79000;"NIORT";"79";"Appartement";38;2;NA
3873;"24/01/2022";"Vente";79000;"NIORT";"79";"Appartement";42;2;NA
3875;"21/01/2022";"Vente";79410;"SAINT GELAIS";"79";"Maison";117;5;509
3881;"10/02/2022";"Vente";79410;"ECHIRE";"79";"Maison";75;5;1094
3887;"11/02/2022";"Vente";79000;"NIORT";"79";"Maison";70;4;61
3891;"15/02/2022";"Vente";79000;"NIORT";"79";"Maison";117;5;1482
3893;"27/01/2022";"Vente";79160;"COULONGES-SUR-L AUTIZE";"79";"Maison";64;3;294
3894;"24/01/2022";"Vente";79180;"CHAURAY";"79";"Appartement";60;3;NA
3897;"03/02/2022";"Vente";79000;"NIORT";"79";"Maison";140;5;699
3899;"31/01/2022";"Vente";79460;"MAGNE";"79";"Maison";140;4;90
3902;"31/01/2022";"Vente";79000;"NIORT";"79";"Maison";82;4;668
3908;"11/02/2022";"Vente";79210;"SAINT-HILAIRE-LA-PALUD";"79";"Maison";40;2;139
3913;"11/02/2022";"Vente";79000;"NIORT";"79";"Maison";65;4;320
3918;"04/02/2022";"Vente";79180;"CHAURAY";"79";"Maison";92;4;607
3919;"04/02/2022";"Vente";79510;"COULON";"79";"Maison";49;2;911
3923;"02/02/2022";"Vente";79270;"LE VANNEAU-IRLEAU";"79";"Maison";64;3;799
3927;"04/02/2022";"Vente";79000;"NIORT";"79";"Maison";42;2;97
3941;"28/01/2022";"Vente";79180;"CHAURAY";"79";"Appartement";40;2;NA
3949;"22/02/2022";"Vente";79000;"NIORT";"79";"Maison";105;4;737
3950;"22/02/2022";"Vente";79000;"NIORT";"79";"Maison";125;6;318
3953;"04/02/2022";"Vente";79000;"NIORT";"79";"Maison";87;4;508
3959;"21/02/2022";"Vente";79000;"NIORT";"79";"Maison";84;4;489
3965;"09/02/2022";"Vente";79000;"NIORT";"79";"Appartement";28;1;NA
3966;"11/02/2022";"Vente";79000;"NIORT";"79";"Maison";77;4;484
3968;"11/02/2022";"Vente";79000;"NIORT";"79";"Appartement";75;3;NA
3975;"25/02/2022";"Vente";79000;"NIORT";"79";"Maison";74;3;52
3978;"18/02/2022";"Vente";79000;"NIORT";"79";"Maison";72;2;21
3980;"28/02/2022";"Vente";79000;"NIORT";"79";"Maison";90;3;507
3999;"11/02/2022";"Vente";79000;"NIORT";"79";"Maison";88;4;587
4007;"15/02/2022";"Vente";79000;"NIORT";"79";"Appartement";38;1;NA
4008;"24/02/2022";"Vente";79000;"NIORT";"79";"Appartement";65;4;NA
4024;"02/03/2022";"Vente";79000;"NIORT";"79";"Appartement";34;2;NA
4032;"28/02/2022";"Vente";79000;"NIORT";"79";"Appartement";35;1;NA
4033;"15/02/2022";"Vente";79410;"SAINT GELAIS";"79";"Maison";236;7;1618
4042;"08/03/2022";"Vente";79000;"NIORT";"79";"Appartement";48;2;NA
4051;"04/03/2022";"Vente";79000;"NIORT";"79";"Maison";88;4;4411
4056;"11/03/2022";"Vente";79270;"FRONTENAY-ROHAN-ROHAN";"79";"Maison";79;4;351
4060;"02/03/2022";"Vente";79410;"SAINT GELAIS";"79";"Maison";110;5;555
4074;"11/03/2022";"Vente";79000;"NIORT";"79";"Maison";65;3;182
4075;"04/03/2022";"Vente";79410;"ECHIRE";"79";"Maison";200;5;253
4077;"15/03/2022";"Vente";79000;"NIORT";"79";"Maison";60;3;27
4090;"28/02/2022";"Vente";79000;"NIORT";"79";"Maison";47;1;37
4093;"02/03/2022";"Vente";79000;"NIORT";"79";"Appartement";58;2;NA
4094;"10/03/2022";"Vente";79270;"LA ROCHENARD";"79";"Maison";128;4;457
4102;"01/03/2022";"Vente";79000;"NIORT";"79";"Maison";96;4;104
4103;"15/03/2022";"Vente";79270;"VALLANS";"79";"Maison";100;4;1000
4107;"15/03/2022";"Vente";79210;"ARCAIS";"79";"Maison";124;4;209
4108;"14/03/2022";"Vente";79160;"COULONGES-SUR-L AUTIZE";"79";"Maison";86;3;1200
4118;"04/03/2022";"Vente";79000;"NIORT";"79";"Maison";96;4;623
4120;"09/03/2022";"Vente";79180;"CHAURAY";"79";"Maison";130;6;1211
4124;"07/03/2022";"Vente";79000;"NIORT";"79";"Maison";154;7;265
4126;"16/03/2022";"Vente";79000;"NIORT";"79";"Maison";140;1;743
4130;"11/03/2022";"Vente";79510;"COULON";"79";"Maison";160;4;312
4132;"23/03/2022";"Vente";79210;"SAINT-GEORGES-DE-REX";"79";"Maison";72;4;392
4145;"21/03/2022";"Vente";79000;"NIORT";"79";"Maison";94;4;400
4150;"28/03/2022";"Vente";79000;"NIORT";"79";"Maison";82;3;424
4151;"29/03/2022";"Vente";79000;"NIORT";"79";"Maison";78;4;450
4152;"17/03/2022";"Vente";79000;"NIORT";"79";"Appartement";65;3;NA
4157;"25/03/2022";"Vente";79000;"NIORT";"79";"Maison";66;3;421
4162;"31/03/2022";"Vente";79230;"PRAHECQ";"79";"Maison";77;4;508
4167;"23/03/2022";"Vente";79210;"VAL-DU-MIGNON";"79";"Maison";120;6;285
4178;"04/04/2022";"Vente";79000;"NIORT";"79";"Maison";85;4;115
4179;"15/03/2022";"Vente";79000;"NIORT";"79";"Appartement";33;1;NA
4188;"18/03/2022";"Vente";79000;"NIORT";"79";"Appartement";40;2;NA
4202;"08/04/2022";"Vente";79000;"SCIECQ";"79";"Maison";112;6;764
4214;"30/03/2022";"Vente";79000;"NIORT";"79";"Maison";90;4;658
4216;"29/03/2022";"Vente";79000;"NIORT";"79";"Maison";72;3;106
4219;"30/03/2022";"Vente";79000;"NIORT";"79";"Maison";220;9;378
4222;"23/03/2022";"Vente";79270;"FRONTENAY-ROHAN-ROHAN";"79";"Maison";100;5;76
4226;"19/04/2022";"Vente";79000;"NIORT";"79";"Maison";84;3;426
4232;"25/03/2022";"Vente";79180;"CHAURAY";"79";"Maison";81;5;1105
4234;"24/03/2022";"Vente";79000;"NIORT";"79";"Maison";100;4;170
4235;"30/03/2022";"Vente";79000;"NIORT";"79";"Maison";142;5;623
4248;"28/03/2022";"Vente";79000;"NIORT";"79";"Maison";73;5;204
4254;"19/04/2022";"Vente";79210;"VAL-DU-MIGNON";"79";"Maison";103;3;341
4266;"15/04/2022";"Vente";79000;"NIORT";"79";"Maison";100;4;447
4268;"25/04/2022";"Vente";79000;"NIORT";"79";"Appartement";22;1;NA
4275;"07/04/2022";"Vente";79230;"FORS";"79";"Maison";92;4;962
4276;"26/04/2022";"Vente";79000;"NIORT";"79";"Maison";77;4;144
4289;"20/04/2022";"Vente";79000;"NIORT";"79";"Appartement";37;2;NA
4299;"14/04/2022";"Vente";79000;"NIORT";"79";"Maison";154;4;401
4300;"12/04/2022";"Vente";79230;"VOUILLE";"79";"Maison";90;4;588
4306;"20/04/2022";"Vente";79000;"NIORT";"79";"Appartement";24;1;NA
4325;"21/04/2022";"Vente";79230;"AIFFRES";"79";"Maison";80;4;553
4330;"05/05/2022";"Vente";79000;"NIORT";"79";"Appartement";56;3;NA
4333;"20/04/2022";"Vente";79410;"ECHIRE";"79";"Maison";90;4;528
4347;"26/04/2022";"Vente";79260;"LA CRECHE";"79";"Maison";102;4;996
4353;"02/05/2022";"Vente";79000;"BESSINES";"79";"Maison";123;5;880
4375;"28/04/2022";"Vente";79000;"NIORT";"79";"Maison";76;4;265
4378;"26/04/2022";"Vente";79160;"COULONGES-SUR-L AUTIZE";"79";"Maison";105;4;421
4382;"04/05/2022";"Vente";79270;"SAINT-SYMPHORIEN";"79";"Maison";59;2;440
4385;"06/05/2022";"Vente";79230;"FORS";"79";"Maison";142;5;292
4388;"12/05/2022";"Vente";79000;"NIORT";"79";"Appartement";59;2;NA
4391;"13/05/2022";"Vente";79270;"FRONTENAY-ROHAN-ROHAN";"79";"Maison";94;4;153
4393;"04/05/2022";"Vente";79000;"NIORT";"79";"Maison";61;3;615
4400;"24/05/2022";"Vente";79000;"NIORT";"79";"Maison";73;4;673
4408;"25/05/2022";"Vente";79160;"VILLIERS-EN-PLAINE";"79";"Maison";80;3;230
4411;"11/05/2022";"Vente";79000;"NIORT";"79";"Maison";46;3;62
4416;"17/05/2022";"Vente";79000;"NIORT";"79";"Maison";96;5;487
4417;"05/05/2022";"Vente";79000;"NIORT";"79";"Appartement";195;4;NA
4418;"11/05/2022";"Vente";79000;"NIORT";"79";"Appartement";17;1;NA
4419;"05/05/2022";"Vente";79000;"NIORT";"79";"Maison";60;2;23
4430;"27/05/2022";"Vente";79210;"LE BOURDET";"79";"Maison";100;4;3550
4441;"25/05/2022";"Vente";79000;"NIORT";"79";"Maison";50;2;407
4456;"10/05/2022";"Vente";79000;"NIORT";"79";"Maison";91;4;557
4462;"31/05/2022";"Vente";79000;"NIORT";"79";"Maison";160;6;430
4463;"17/05/2022";"Vente";79000;"NIORT";"79";"Maison";62;3;52
4472;"20/05/2022";"Vente";79410;"SAINT GELAIS";"79";"Maison";92;4;1237
4482;"23/05/2022";"Vente";79460;"MAGNE";"79";"Maison";104;5;628
4491;"31/05/2022";"Vente";79180;"CHAURAY";"79";"Maison";90;4;188
4499;"12/05/2022";"Vente";79000;"NIORT";"79";"Maison";115;6;347
4503;"15/06/2022";"Vente";79000;"NIORT";"79";"Appartement";34;1;NA
4508;"20/05/2022";"Vente";79260;"LA CRECHE";"79";"Maison";68;2;326
4509;"25/05/2022";"Vente";79460;"MAGNE";"79";"Maison";48;2;195
4512;"24/05/2022";"Vente";79000;"NIORT";"79";"Maison";66;2;34
4523;"31/05/2022";"Vente";79000;"NIORT";"79";"Maison";40;1;63
4526;"02/06/2022";"Vente";79410;"ECHIRE";"79";"Maison";194;9;629
4527;"10/06/2022";"Vente";79000;"NIORT";"79";"Appartement";23;1;NA
4528;"25/05/2022";"Vente";79000;"NIORT";"79";"Appartement";43;2;NA
4536;"16/06/2022";"Vente";79260;"LA CRECHE";"79";"Maison";132;6;1015
4537;"06/06/2022";"Vente";79410;"SAINT GELAIS";"79";"Maison";76;4;622
4538;"15/06/2022";"Vente";79230;"VOUILLE";"79";"Maison";140;4;600
4539;"01/06/2022";"Vente";79270;"EPANNES";"79";"Maison";234;8;1610
4540;"14/06/2022";"Vente";79210;"SAINT-HILAIRE-LA-PALUD";"79";"Maison";170;7;393
4542;"14/06/2022";"Vente";79000;"NIORT";"79";"Maison";74;2;42
4550;"07/06/2022";"Vente";79160;"VILLIERS-EN-PLAINE";"79";"Maison";100;4;784
4559;"21/06/2022";"Vente";79000;"NIORT";"79";"Maison";51;3;40
4564;"30/05/2022";"Vente";79000;"NIORT";"79";"Maison";142;5;336
4568;"01/06/2022";"Vente";79000;"NIORT";"79";"Maison";70;3;85
4589;"02/06/2022";"Vente";79360;"PLAINE-D'ARGENSON";"79";"Maison";114;5;605
4592;"01/06/2022";"Vente";79000;"BESSINES";"79";"Maison";132;5;505
4600;"27/06/2022";"Vente";79000;"NIORT";"79";"Maison";106;5;141
4607;"15/06/2022";"Vente";79230;"FORS";"79";"Maison";72;4;607
4609;"17/06/2022";"Vente";79230;"SAINT-MARTIN-DE-BERNEGOUE";"79";"Maison";89;4;667
4610;"10/06/2022";"Vente";79000;"NIORT";"79";"Maison";184;7;340
4611;"15/06/2022";"Vente";79230;"FORS";"79";"Maison";165;7;944
4612;"03/06/2022";"Vente";79000;"NIORT";"79";"Maison";62;3;NA
4616;"30/06/2022";"Vente";79000;"NIORT";"79";"Appartement";55;3;NA
4617;"02/06/2022";"Vente";79000;"NIORT";"79";"Maison";102;4;532
4618;"01/07/2022";"Vente";79000;"NIORT";"79";"Maison";70;4;160
4619;"27/06/2022";"Vente";79410;"ECHIRE";"79";"Maison";79;4;576
4621;"08/06/2022";"Vente";79000;"NIORT";"79";"Maison";75;2;197
4624;"13/06/2022";"Vente";79260;"LA CRECHE";"79";"Maison";80;4;158
4631;"16/06/2022";"Vente";79000;"BESSINES";"79";"Maison";74;3;NA
4635;"23/06/2022";"Vente";79230;"AIFFRES";"79";"Maison";63;4;368
4638;"13/06/2022";"Vente";79000;"NIORT";"79";"Appartement";77;3;NA
4647;"01/07/2022";"Vente";79000;"NIORT";"79";"Maison";83;4;495
4655;"10/06/2022";"Vente";79000;"NIORT";"79";"Maison";42;2;NA
4657;"30/06/2022";"Vente";79210;"VAL-DU-MIGNON";"79";"Maison";125;5;889
4667;"14/06/2022";"Vente";79000;"NIORT";"79";"Maison";51;2;39
4673;"17/06/2022";"Vente";79230;"PRAHECQ";"79";"Maison";110;5;284
4685;"28/06/2022";"Vente";79000;"NIORT";"79";"Maison";130;4;219
4695;"28/06/2022";"Vente";79210;"ARCAIS";"79";"Maison";182;6;646
4697;"08/07/2022";"Vente";79000;"NIORT";"79";"Appartement";41;2;NA
4700;"07/07/2022";"Vente";79000;"NIORT";"79";"Maison";111;5;33
4711;"08/07/2022";"Vente";79000;"NIORT";"79";"Maison";70;3;133
4717;"01/07/2022";"Vente";79410;"ECHIRE";"79";"Maison";107;5;872
4721;"05/07/2022";"Vente";79210;"PRIN-DEYRANCON";"79";"Maison";50;1;290
4730;"20/06/2022";"Vente";79000;"NIORT";"79";"Maison";64;4;454
4734;"24/06/2022";"Vente";79000;"NIORT";"79";"Appartement";23;1;NA
4735;"05/07/2022";"Vente";79000;"NIORT";"79";"Appartement";38;2;NA
4740;"04/07/2022";"Vente";79000;"NIORT";"79";"Appartement";41;2;NA
4745;"24/06/2022";"Vente";79270;"FRONTENAY-ROHAN-ROHAN";"79";"Maison";119;5;1043
4748;"23/06/2022";"Vente";79000;"NIORT";"79";"Appartement";57;2;NA
4752;"05/07/2022";"Vente";79160;"COULONGES-SUR-L AUTIZE";"79";"Maison";112;4;266
4754;"18/07/2022";"Vente";79230;"SAINT-MARTIN-DE-BERNEGOUE";"79";"Maison";120;4;708
4764;"13/07/2022";"Vente";79000;"NIORT";"79";"Maison";70;4;176
4767;"07/07/2022";"Vente";79000;"NIORT";"79";"Appartement";65;3;NA
4774;"04/07/2022";"Vente";79160;"VILLIERS-EN-PLAINE";"79";"Maison";90;4;992
4784;"04/07/2022";"Vente";79000;"NIORT";"79";"Maison";65;3;582
4791;"05/07/2022";"Vente";79410;"ECHIRE";"79";"Maison";130;5;411
4796;"26/07/2022";"Vente";79000;"NIORT";"79";"Maison";194;6;600
4808;"05/07/2022";"Vente";79460;"MAGNE";"79";"Maison";240;4;1165
4811;"22/07/2022";"Vente";79000;"NIORT";"79";"Maison";57;2;107
4815;"05/07/2022";"Vente";79270;"LE VANNEAU-IRLEAU";"79";"Maison";164;7;286
4829;"20/07/2022";"Vente";79000;"NIORT";"79";"Maison";145;5;718
4836;"08/07/2022";"Vente";79000;"NIORT";"79";"Maison";135;6;1019
4850;"08/07/2022";"Vente";79000;"NIORT";"79";"Maison";147;7;405
4854;"08/07/2022";"Vente";79000;"NIORT";"79";"Maison";143;6;493
4872;"12/07/2022";"Vente";79000;"NIORT";"79";"Maison";94;5;413
4874;"13/07/2022";"Vente";79000;"NIORT";"79";"Maison";179;7;563
4875;"28/07/2022";"Vente";79000;"NIORT";"79";"Maison";40;2;26
4881;"11/07/2022";"Vente";79000;"NIORT";"79";"Appartement";74;3;NA
4890;"25/07/2022";"Vente";79000;"NIORT";"79";"Maison";75;6;284
4900;"11/07/2022";"Vente";79270;"SAINT-SYMPHORIEN";"79";"Maison";100;4;541
4901;"13/07/2022";"Vente";79410;"SAINT-REMY";"79";"Maison";104;4;1481
4910;"05/08/2022";"Vente";79000;"NIORT";"79";"Maison";85;4;726
4931;"26/07/2022";"Vente";79000;"NIORT";"79";"Maison";74;4;174
4939;"12/08/2022";"Vente";79000;"NIORT";"79";"Appartement";48;2;NA
4941;"09/08/2022";"Vente";79230;"SAINT-MARTIN-DE-BERNEGOUE";"79";"Maison";111;4;906
4953;"04/08/2022";"Vente";79000;"NIORT";"79";"Appartement";45;2;NA
4959;"02/08/2022";"Vente";79260;"LA CRECHE";"79";"Maison";105;4;1502
4966;"03/08/2022";"Vente";79000;"NIORT";"79";"Maison";76;4;625
4974;"22/08/2022";"Vente";79180;"CHAURAY";"79";"Appartement";43;2;NA
4984;"04/08/2022";"Vente";79410;"SAINT GELAIS";"79";"Maison";135;4;456
4999;"03/08/2022";"Vente";79410;"SAINT GELAIS";"79";"Maison";30;1;78
5017;"10/08/2022";"Vente";79230;"VOUILLE";"79";"Maison";132;6;383
5022;"05/08/2022";"Vente";79000;"NIORT";"79";"Appartement";62;3;NA
5023;"09/08/2022";"Vente";79000;"NIORT";"79";"Maison";152;5;730
5025;"03/08/2022";"Vente";79230;"AIFFRES";"79";"Maison";183;5;526
5026;"04/08/2022";"Vente";79000;"NIORT";"79";"Maison";130;5;51
5031;"26/08/2022";"Vente";79000;"NIORT";"79";"Maison";112;5;404
5035;"11/08/2022";"Vente";79000;"NIORT";"79";"Appartement";36;2;NA
5039;"18/08/2022";"Vente";79230;"FORS";"79";"Maison";93;3;226
5041;"18/08/2022";"Vente";79270;"SANSAIS";"79";"Maison";194;5;1303
5047;"22/08/2022";"Vente";79000;"NIORT";"79";"Maison";96;5;159
5048;"09/08/2022";"Vente";79000;"NIORT";"79";"Maison";93;3;601
5054;"31/08/2022";"Vente";79000;"NIORT";"79";"Maison";63;4;697
5055;"31/08/2022";"Vente";79180;"CHAURAY";"79";"Appartement";69;3;NA
5063;"22/08/2022";"Vente";79410;"SAINT GELAIS";"79";"Maison";81;4;578
5075;"23/08/2022";"Vente";79410;"SAINT-REMY";"79";"Maison";192;6;991
5081;"02/09/2022";"Vente";79180;"CHAURAY";"79";"Maison";92;4;303
5082;"01/09/2022";"Vente";79360;"GRANZAY-GRIPT";"79";"Maison";105;4;130
5101;"12/09/2022";"Vente";79270;"FRONTENAY-ROHAN-ROHAN";"79";"Maison";89;4;526
5103;"30/08/2022";"Vente";79000;"NIORT";"79";"Maison";68;4;218
5113;"05/09/2022";"Vente";79000;"NIORT";"79";"Maison";76;4;446
5117;"24/08/2022";"Vente";79460;"MAGNE";"79";"Maison";80;4;456
5119;"24/08/2022";"Vente";79180;"CHAURAY";"79";"Maison";111;4;720
5123;"31/08/2022";"Vente";79160;"COULONGES-SUR-L AUTIZE";"79";"Maison";96;4;876
5126;"02/09/2022";"Vente";79000;"NIORT";"79";"Appartement";40;2;NA
5131;"14/09/2022";"Vente";79000;"NIORT";"79";"Maison";83;4;533
5142;"12/09/2022";"Vente";79000;"NIORT";"79";"Appartement";35;1;NA
5144;"06/09/2022";"Vente";79360;"GRANZAY-GRIPT";"79";"Maison";101;5;584
5147;"06/09/2022";"Vente";79000;"NIORT";"79";"Maison";102;4;264
5148;"31/08/2022";"Vente";79000;"NIORT";"79";"Appartement";35;1;NA
5150;"09/09/2022";"Vente";79000;"NIORT";"79";"Maison";127;5;600
5151;"08/09/2022";"Vente";79230;"AIFFRES";"79";"Maison";188;6;1180
5156;"08/09/2022";"Vente";79510;"COULON";"79";"Maison";99;6;1002
5168;"22/09/2022";"Vente";79000;"NIORT";"79";"Appartement";24;1;NA
5169;"08/09/2022";"Vente";79000;"NIORT";"79";"Maison";96;5;76
5179;"16/09/2022";"Vente";79000;"NIORT";"79";"Appartement";75;4;NA
5185;"14/09/2022";"Vente";79180;"CHAURAY";"79";"Maison";128;4;254
5197;"09/09/2022";"Vente";79000;"NIORT";"79";"Maison";100;5;656
5198;"26/09/2022";"Vente";79230;"PRAHECQ";"79";"Maison";129;6;955
5206;"28/09/2022";"Vente";79180;"CHAURAY";"79";"Maison";52;2;424
5218;"29/09/2022";"Vente";79000;"NIORT";"79";"Appartement";38;2;NA
5223;"20/09/2022";"Vente";79180;"CHAURAY";"79";"Maison";32;1;283
5232;"21/09/2022";"Vente";79270;"LE VANNEAU-IRLEAU";"79";"Maison";125;5;87
5238;"08/09/2022";"Vente";79000;"NIORT";"79";"Appartement";59;3;NA
5242;"03/10/2022";"Vente";79000;"NIORT";"79";"Maison";70;3;371
5246;"21/09/2022";"Vente";79410;"SAINT-MAXIRE";"79";"Maison";116;2;2090
5253;"07/10/2022";"Vente";79000;"NIORT";"79";"Appartement";42;2;NA
5256;"23/09/2022";"Vente";79360;"BEAUVOIR-SUR-NIORT";"79";"Maison";72;3;720
5257;"23/09/2022";"Vente";79000;"NIORT";"79";"Appartement";64;3;NA
5258;"23/09/2022";"Vente";79210;"VAL-DU-MIGNON";"79";"Maison";110;4;124
5278;"10/10/2022";"Vente";79000;"NIORT";"79";"Maison";56;2;308
5280;"14/10/2022";"Vente";79410;"SAINT GELAIS";"79";"Maison";26;1;54
5282;"28/09/2022";"Vente";79270;"SAINT-SYMPHORIEN";"79";"Maison";94;4;810
5286;"26/09/2022";"Vente";79260;"LA CRECHE";"79";"Maison";90;4;128
5289;"29/09/2022";"Vente";79000;"NIORT";"79";"Maison";129;5;351
5302;"30/09/2022";"Vente";79000;"NIORT";"79";"Maison";59;3;34
5303;"29/09/2022";"Vente";79000;"BESSINES";"79";"Maison";133;5;1008
5304;"14/10/2022";"Vente";79230;"VOUILLE";"79";"Maison";131;6;611
5306;"30/09/2022";"Vente";79000;"NIORT";"79";"Maison";220;7;311
5319;"10/10/2022";"Vente";79000;"NIORT";"79";"Maison";55;3;123
5325;"10/10/2022";"Vente";79000;"NIORT";"79";"Maison";114;4;993
5326;"14/10/2022";"Vente";79000;"NIORT";"79";"Appartement";44;2;NA
5332;"10/10/2022";"Vente";79180;"CHAURAY";"79";"Maison";100;4;621
5333;"19/10/2022";"Vente";79000;"NIORT";"79";"Appartement";48;2;NA
5335;"04/10/2022";"Vente";79000;"NIORT";"79";"Maison";67;4;379
5338;"21/10/2022";"Vente";79000;"NIORT";"79";"Maison";70;3;73
5350;"07/10/2022";"Vente";79160;"COULONGES-SUR-L AUTIZE";"79";"Maison";93;4;1326
5353;"29/09/2022";"Vente";79360;"BEAUVOIR-SUR-NIORT";"79";"Maison";76;4;440
5380;"05/10/2022";"Vente";79160;"COULONGES-SUR-L AUTIZE";"79";"Maison";80;4;692
5390;"24/10/2022";"Vente";79000;"NIORT";"79";"Maison";81;4;353
5392;"27/10/2022";"Vente";79000;"NIORT";"79";"Appartement";60;2;NA
5394;"20/10/2022";"Vente";79210;"SAINT-HILAIRE-LA-PALUD";"79";"Maison";74;4;826
5401;"02/11/2022";"Vente";79000;"NIORT";"79";"Maison";74;3;346
5404;"28/10/2022";"Vente";79230;"AIFFRES";"79";"Maison";99;5;379
5407;"18/10/2022";"Vente";79000;"NIORT";"79";"Appartement";61;3;NA
5427;"03/11/2022";"Vente";79000;"NIORT";"79";"Maison";80;4;204
5437;"07/11/2022";"Vente";79230;"AIFFRES";"79";"Maison";110;4;792
5440;"09/11/2022";"Vente";79410;"ECHIRE";"79";"Maison";135;5;607
5451;"09/11/2022";"Vente";79270;"SAINT-SYMPHORIEN";"79";"Maison";80;5;600
5455;"27/10/2022";"Vente";79000;"NIORT";"79";"Maison";42;2;18
5456;"15/11/2022";"Vente";79000;"NIORT";"79";"Maison";90;4;400
5457;"31/10/2022";"Vente";79000;"NIORT";"79";"Maison";111;5;609
5460;"02/11/2022";"Vente";79270;"SAINT-SYMPHORIEN";"79";"Maison";109;4;1100
5461;"26/10/2022";"Vente";79270;"FRONTENAY-ROHAN-ROHAN";"79";"Maison";100;4;717
5476;"25/10/2022";"Vente";79160;"VILLIERS-EN-PLAINE";"79";"Maison";60;4;220
5485;"17/11/2022";"Vente";79000;"NIORT";"79";"Maison";73;4;412
5488;"26/10/2022";"Vente";79000;"NIORT";"79";"Maison";79;5;589
5492;"17/11/2022";"Vente";79000;"NIORT";"79";"Maison";147;5;2150
5497;"27/10/2022";"Vente";79360;"GRANZAY-GRIPT";"79";"Maison";88;4;979
5503;"28/10/2022";"Vente";79410;"ECHIRE";"79";"Maison";100;5;561
5516;"04/11/2022";"Vente";79000;"NIORT";"79";"Maison";65;5;52
5518;"24/11/2022";"Vente";79000;"NIORT";"79";"Appartement";38;2;NA
5522;"04/11/2022";"Vente";79000;"NIORT";"79";"Maison";74;4;312
5525;"14/11/2022";"Vente";79410;"ECHIRE";"79";"Maison";280;5;1107
5527;"10/11/2022";"Vente";79000;"NIORT";"79";"Maison";120;5;255
5528;"25/11/2022";"Vente";79000;"NIORT";"79";"Maison";153;7;110
5536;"09/11/2022";"Vente";79230;"AIFFRES";"79";"Maison";87;5;1003
5547;"25/11/2022";"Vente";79000;"NIORT";"79";"Maison";103;4;829
5550;"18/11/2022";"Vente";79000;"NIORT";"79";"Appartement";64;3;NA
5552;"30/11/2022";"Vente";79230;"FORS";"79";"Maison";110;4;549
5557;"10/11/2022";"Vente";79210;"SAINT-HILAIRE-LA-PALUD";"79";"Maison";60;2;464
5558;"18/11/2022";"Vente";79000;"NIORT";"79";"Maison";72;4;420
5560;"28/11/2022";"Vente";79000;"NIORT";"79";"Maison";67;3;289
5567;"14/11/2022";"Vente";79000;"NIORT";"79";"Maison";55;3;589
5571;"25/11/2022";"Vente";79000;"NIORT";"79";"Appartement";42;2;NA
5573;"21/11/2022";"Vente";79000;"NIORT";"79";"Appartement";70;3;236
5582;"06/12/2022";"Vente";79260;"LA CRECHE";"79";"Maison";84;4;340
5586;"28/11/2022";"Vente";79210;"MAUZE-SUR-LE-MIGNON";"79";"Maison";125;5;195
5596;"05/12/2022";"Vente";79000;"NIORT";"79";"Maison";65;3;24
5605;"16/11/2022";"Vente";79000;"NIORT";"79";"Maison";60;3;62
5612;"13/12/2022";"Vente";79000;"NIORT";"79";"Maison";66;3;410
5628;"22/11/2022";"Vente";79230;"PRAHECQ";"79";"Maison";74;3;1326
5636;"12/12/2022";"Vente";79000;"NIORT";"79";"Appartement";26;1;NA
5640;"29/11/2022";"Vente";79000;"NIORT";"79";"Appartement";64;3;NA
5647;"12/12/2022";"Vente";79230;"PRAHECQ";"79";"Maison";98;4;1366
5652;"13/12/2022";"Vente";79000;"NIORT";"79";"Maison";107;4;585
5657;"13/12/2022";"Vente";79230;"FORS";"79";"Maison";124;5;981
5660;"15/12/2022";"Vente";79210;"ARCAIS";"79";"Maison";132;3;916
5664;"15/12/2022";"Vente";79000;"NIORT";"79";"Maison";80;5;437
5673;"01/12/2022";"Vente";79460;"MAGNE";"79";"Maison";53;1;350
5675;"16/12/2022";"Vente";79000;"NIORT";"79";"Maison";92;4;497
5678;"13/12/2022";"Vente";79210;"MAUZE-SUR-LE-MIGNON";"79";"Maison";54;3;72
5686;"22/12/2022";"Vente";79000;"NIORT";"79";"Maison";79;3;105
5687;"09/12/2022";"Vente";79360;"PLAINE-D'ARGENSON";"79";"Maison";56;4;474
5692;"29/03/2022";"Vente";79000;"NIORT";"79";"Maison";68;4;188
5703;"30/12/2022";"Vente";79000;"NIORT";"79";"Maison";83;4;257
5704;"29/12/2022";"Vente";79000;"NIORT";"79";"Maison";90;5;228
5705;"22/12/2022";"Vente";79210;"MAUZE-SUR-LE-MIGNON";"79";"Maison";79;3;80
5723;"29/12/2022";"Vente";79000;"NIORT";"79";"Maison";85;4;396
5726;"30/12/2022";"Vente";79000;"NIORT";"79";"Appartement";45;3;NA
5727;"30/12/2022";"Vente";79360;"BEAUVOIR-SUR-NIORT";"79";"Maison";125;4;749
5743;"29/12/2022";"Vente";79000;"NIORT";"79";"Appartement";121;5;NA
5752;"21/12/2022";"Vente";79210;"PRIN-DEYRANCON";"79";"Maison";110;5;257
5757;"27/12/2022";"Vente";79510;"COULON";"79";"Maison";80;3;414
5760;"20/12/2022";"Vente";79160;"VILLIERS-EN-PLAINE";"79";"Maison";140;6;1005
5768;"21/12/2022";"Vente";79000;"NIORT";"79";"Appartement";65;1;NA
5769;"23/12/2022";"Vente";79000;"NIORT";"79";"Maison";75;4;676
5772;"23/12/2022";"Vente";79410;"SAINT GELAIS";"79";"Maison";104;3;360
5773;"22/12/2022";"Vente";79000;"NIORT";"79";"Maison";60;3;95
5796;"29/12/2022";"Vente";79000;"NIORT";"79";"Appartement";60;3;NA
5800;"19/01/2022";"Vente";79220;"GERMOND-ROUVRE";"79";"Maison";112;4;509
5806;"08/01/2021";"Vente";79000;"NIORT";"79";"Maison";84;4;194
5818;"13/01/2021";"Vente";79000;"NIORT";"79";"Maison";117;5;645
5821;"21/01/2021";"Vente";79000;"NIORT";"79";"Maison";78;4;138
5828;"25/01/2021";"Vente";79000;"NIORT";"79";"Maison";67;3;37
5829;"13/01/2021";"Vente";79000;"NIORT";"79";"Maison";103;5;NA
5844;"13/01/2021";"Vente";79270;"SAINT-SYMPHORIEN";"79";"Maison";171;3;610
5850;"14/01/2021";"Vente";79000;"NIORT";"79";"Maison";61;3;73
5852;"15/01/2021";"Vente";79000;"NIORT";"79";"Appartement";35;2;NA
5859;"12/01/2021";"Vente";79000;"NIORT";"79";"Maison";57;3;53
5867;"29/01/2021";"Vente";79000;"NIORT";"79";"Maison";95;5;495
5870;"08/01/2021";"Vente";79000;"NIORT";"79";"Maison";114;5;506
5877;"18/01/2021";"Vente";79000;"NIORT";"79";"Appartement";65;3;NA
5880;"07/01/2021";"Vente";79270;"SAINT-SYMPHORIEN";"79";"Maison";88;4;1279
5882;"20/01/2021";"Vente";79000;"NIORT";"79";"Maison";131;4;116
5883;"30/01/2021";"Vente";79270;"LE VANNEAU-IRLEAU";"79";"Maison";93;3;1058
5885;"05/01/2021";"Vente";79160;"COULONGES-SUR-L AUTIZE";"79";"Maison";80;4;906
5890;"29/01/2021";"Vente";79230;"AIFFRES";"79";"Maison";90;1;662
5900;"27/01/2021";"Vente";79000;"NIORT";"79";"Maison";61;3;972
5901;"26/01/2021";"Vente";79000;"NIORT";"79";"Maison";96;2;895
5903;"14/01/2021";"Vente";79210;"LE BOURDET";"79";"Maison";175;5;118
5908;"15/01/2021";"Vente";79000;"NIORT";"79";"Maison";80;4;307
5921;"04/02/2021";"Vente";79000;"NIORT";"79";"Appartement";27;1;NA
5928;"15/01/2021";"Vente";79360;"MARIGNY";"79";"Maison";85;4;991
5933;"01/02/2021";"Vente";79410;"SAINT GELAIS";"79";"Maison";90;4;542
5934;"25/01/2021";"Vente";79000;"NIORT";"79";"Maison";79;3;527
5937;"21/01/2021";"Vente";79210;"SAINT-GEORGES-DE-REX";"79";"Maison";100;4;1980
5946;"29/01/2021";"Vente";79000;"NIORT";"79";"Maison";72;5;155
5963;"12/02/2021";"Vente";79000;"NIORT";"79";"Maison";91;5;507
5981;"15/02/2021";"Vente";79230;"AIFFRES";"79";"Maison";90;4;442
5983;"19/02/2021";"Vente";79000;"NIORT";"79";"Maison";60;3;74
5988;"28/01/2021";"Vente";79230;"AIFFRES";"79";"Maison";108;5;282
5999;"03/02/2021";"Vente";79180;"CHAURAY";"79";"Maison";96;4;443
6001;"03/02/2021";"Vente";79230;"AIFFRES";"79";"Maison";96;4;736
6003;"04/02/2021";"Vente";79260;"LA CRECHE";"79";"Maison";113;5;966
6007;"29/01/2021";"Vente";79360;"LA FOYE MONJAULT";"79";"Maison";98;4;345
6009;"12/02/2021";"Vente";79260;"LA CRECHE";"79";"Maison";75;5;292
6012;"12/02/2021";"Vente";79000;"NIORT";"79";"Maison";85;5;855
6024;"23/02/2021";"Vente";79360;"GRANZAY-GRIPT";"79";"Maison";116;4;1868
6035;"01/03/2021";"Vente";79000;"NIORT";"79";"Maison";96;5;385
6041;"01/03/2021";"Vente";79000;"NIORT";"79";"Appartement";67;4;NA
6051;"18/02/2021";"Vente";79460;"MAGNE";"79";"Maison";98;4;698
6065;"02/03/2021";"Vente";79000;"NIORT";"79";"Maison";83;4;489
6067;"01/03/2021";"Vente";79210;"VAL-DU-MIGNON";"79";"Maison";90;4;2035
6071;"04/03/2021";"Vente";79210;"MAUZE-SUR-LE-MIGNON";"79";"Maison";126;3;495
6088;"24/02/2021";"Vente";79210;"MAUZE-SUR-LE-MIGNON";"79";"Maison";115;6;747
6095;"26/02/2021";"Vente";79000;"NIORT";"79";"Maison";120;4;86
6097;"25/02/2021";"Vente";79000;"NIORT";"79";"Appartement";100;5;NA
6106;"04/03/2021";"Vente";79000;"NIORT";"79";"Maison";81;5;353
6107;"25/02/2021";"Vente";79180;"CHAURAY";"79";"Maison";101;5;372
6117;"19/03/2021";"Vente";79260;"LA CRECHE";"79";"Maison";94;5;1132
6120;"26/02/2021";"Vente";79230;"VOUILLE";"79";"Maison";119;5;1002
6136;"26/02/2021";"Vente";79270;"VALLANS";"79";"Maison";108;4;1000
6138;"25/02/2021";"Vente";79000;"NIORT";"79";"Appartement";68;3;NA
6139;"18/03/2021";"Vente";79000;"NIORT";"79";"Appartement";59;3;NA
6142;"02/03/2021";"Vente";79000;"NIORT";"79";"Maison";70;4;276
6148;"08/03/2021";"Vente";79000;"NIORT";"79";"Maison";120;4;366
6163;"01/03/2021";"Vente";79160;"VILLIERS-EN-PLAINE";"79";"Maison";68;3;644
6168;"16/03/2021";"Vente";79210;"MAUZE-SUR-LE-MIGNON";"79";"Maison";50;3;607
6178;"22/03/2021";"Vente";79460;"MAGNE";"79";"Maison";127;4;728
6182;"04/03/2021";"Vente";79160;"VILLIERS-EN-PLAINE";"79";"Maison";103;3;2000
6183;"31/03/2021";"Vente";79260;"LA CRECHE";"79";"Maison";70;3;120
6198;"26/03/2021";"Vente";79000;"NIORT";"79";"Maison";80;3;55
6210;"15/03/2021";"Vente";79000;"NIORT";"79";"Maison";123;5;740
6216;"11/03/2021";"Vente";79000;"NIORT";"79";"Maison";68;3;304
6230;"02/04/2021";"Vente";79180;"CHAURAY";"79";"Maison";189;6;802
6235;"26/03/2021";"Vente";79000;"NIORT";"79";"Maison";92;4;411
6248;"07/04/2021";"Vente";79410;"ECHIRE";"79";"Maison";80;3;505
6250;"09/04/2021";"Vente";79000;"NIORT";"79";"Appartement";77;3;NA
6269;"22/04/2021";"Vente";79000;"NIORT";"79";"Maison";84;4;NA
6275;"16/04/2021";"Vente";79000;"NIORT";"79";"Appartement";36;2;NA
6276;"14/04/2021";"Vente";79000;"NIORT";"79";"Appartement";70;4;NA
6279;"29/03/2021";"Vente";79260;"LA CRECHE";"79";"Maison";100;5;1508
6285;"31/03/2021";"Vente";79360;"MARIGNY";"79";"Maison";103;4;410
6286;"30/03/2021";"Vente";79000;"NIORT";"79";"Appartement";57;2;NA
6287;"01/04/2021";"Vente";79230;"AIFFRES";"79";"Maison";124;5;998
6295;"15/04/2021";"Vente";79000;"NIORT";"79";"Maison";59;3;99
6296;"16/04/2021";"Vente";79000;"NIORT";"79";"Appartement";45;2;NA
6307;"09/04/2021";"Vente";79160;"COULONGES-SUR-L AUTIZE";"79";"Maison";139;5;252
6308;"08/04/2021";"Vente";79210;"SAINT-HILAIRE-LA-PALUD";"79";"Maison";91;5;203
6326;"06/04/2021";"Vente";79210;"VAL-DU-MIGNON";"79";"Maison";166;6;1020
6329;"28/04/2021";"Vente";79000;"NIORT";"79";"Appartement";70;3;NA
6344;"08/04/2021";"Vente";79260;"LA CRECHE";"79";"Maison";82;4;263
6347;"08/04/2021";"Vente";79000;"NIORT";"79";"Maison";49;3;33
6352;"15/04/2021";"Vente";79260;"LA CRECHE";"79";"Maison";130;5;690
6374;"16/04/2021";"Vente";79230;"PRAHECQ";"79";"Maison";115;5;939
6384;"04/05/2021";"Vente";79000;"NIORT";"79";"Appartement";41;2;NA
6386;"31/03/2021";"Vente";79000;"NIORT";"79";"Maison";49;2;48
6391;"30/04/2021";"Vente";79160;"COULONGES-SUR-L AUTIZE";"79";"Maison";73;3;409
6394;"22/04/2021";"Vente";79000;"NIORT";"79";"Appartement";51;2;NA
6399;"10/05/2021";"Vente";79000;"NIORT";"79";"Maison";73;4;309
6400;"05/05/2021";"Vente";79180;"CHAURAY";"79";"Maison";122;6;537
6404;"30/04/2021";"Vente";79260;"LA CRECHE";"79";"Maison";92;3;341
6419;"29/04/2021";"Vente";79000;"NIORT";"79";"Maison";86;4;68
6423;"03/05/2021";"Vente";79270;"EPANNES";"79";"Maison";80;3;429
6428;"27/04/2021";"Vente";79210;"MAUZE-SUR-LE-MIGNON";"79";"Maison";98;4;661
6431;"15/05/2021";"Vente";79210;"VAL-DU-MIGNON";"79";"Maison";58;2;456
6440;"20/05/2021";"Vente";79360;"LA FOYE MONJAULT";"79";"Maison";122;4;508
6442;"28/04/2021";"Vente";79360;"GRANZAY-GRIPT";"79";"Maison";113;5;786
6443;"29/04/2021";"Vente";79000;"NIORT";"79";"Appartement";35;2;NA
6452;"29/04/2021";"Vente";79000;"NIORT";"79";"Appartement";38;2;NA
6481;"05/05/2021";"Vente";79260;"LA CRECHE";"79";"Maison";90;4;293
6485;"11/05/2021";"Vente";79000;"NIORT";"79";"Appartement";66;4;NA
6489;"04/05/2021";"Vente";79180;"CHAURAY";"79";"Maison";114;4;849
6496;"17/05/2021";"Vente";79410;"SAINT GELAIS";"79";"Maison";106;4;1263
6506;"18/05/2021";"Vente";79000;"NIORT";"79";"Maison";72;4;361
6510;"31/05/2021";"Vente";79270;"VALLANS";"79";"Maison";110;4;1844
6512;"31/05/2021";"Vente";79360;"BEAUVOIR-SUR-NIORT";"79";"Maison";76;3;680
6515;"26/05/2021";"Vente";79000;"NIORT";"79";"Appartement";50;2;NA
6521;"05/05/2021";"Vente";79000;"NIORT";"79";"Maison";40;2;50
6525;"07/05/2021";"Vente";79160;"COULONGES-SUR-L AUTIZE";"79";"Maison";90;4;829
6530;"02/06/2021";"Vente";79000;"NIORT";"79";"Maison";80;4;383
6533;"02/06/2021";"Vente";79000;"NIORT";"79";"Maison";120;8;508
6536;"21/05/2021";"Vente";79270;"LE VANNEAU-IRLEAU";"79";"Maison";65;1;315
6549;"27/05/2021";"Vente";79000;"NIORT";"79";"Maison";64;3;209
6563;"04/06/2021";"Vente";79000;"NIORT";"79";"Maison";288;5;2817
6582;"11/06/2021";"Vente";79000;"NIORT";"79";"Maison";107;4;620
6591;"08/06/2021";"Vente";79000;"NIORT";"79";"Maison";81;4;620
6596;"01/06/2021";"Vente";79000;"NIORT";"79";"Appartement";67;3;NA
6601;"25/05/2021";"Vente";79000;"NIORT";"79";"Maison";140;6;606
6603;"02/06/2021";"Vente";79000;"NIORT";"79";"Maison";71;4;76
6613;"15/06/2021";"Vente";79000;"NIORT";"79";"Appartement";147;5;NA
6614;"31/05/2021";"Vente";79220;"GERMOND-ROUVRE";"79";"Maison";129;5;573
6621;"27/05/2021";"Vente";79230;"AIFFRES";"79";"Maison";99;4;400
6627;"04/06/2021";"Vente";79270;"FRONTENAY-ROHAN-ROHAN";"79";"Maison";172;4;210
6628;"16/06/2021";"Vente";79000;"NIORT";"79";"Appartement";139;6;NA
6637;"18/05/2021";"Vente";79000;"NIORT";"79";"Maison";90;3;553
6639;"25/05/2021";"Vente";79000;"NIORT";"79";"Maison";87;4;439
6642;"16/06/2021";"Vente";79000;"NIORT";"79";"Maison";71;4;410
6644;"17/06/2021";"Vente";79000;"NIORT";"79";"Maison";69;4;130
6649;"11/06/2021";"Vente";79000;"NIORT";"79";"Appartement";72;3;NA
6651;"10/06/2021";"Vente";79230;"VOUILLE";"79";"Maison";90;4;451
6652;"21/05/2021";"Vente";79000;"NIORT";"79";"Maison";84;5;508
6653;"02/06/2021";"Vente";79230;"AIFFRES";"79";"Maison";118;6;1143
6665;"09/06/2021";"Vente";79000;"NIORT";"79";"Maison";92;5;401
6666;"18/06/2021";"Vente";79000;"NIORT";"79";"Maison";318;6;1631
6671;"09/06/2021";"Vente";79000;"NIORT";"79";"Maison";55;3;399
6673;"18/06/2021";"Vente";79230;"VOUILLE";"79";"Maison";132;6;1586
6684;"18/06/2021";"Vente";79000;"BESSINES";"79";"Maison";145;5;1171
6686;"21/06/2021";"Vente";79000;"NIORT";"79";"Appartement";82;3;NA
6695;"04/06/2021";"Vente";79360;"GRANZAY-GRIPT";"79";"Maison";94;3;950
6709;"05/06/2021";"Vente";79410;"ECHIRE";"79";"Maison";51;2;131
6729;"16/06/2021";"Vente";79000;"NIORT";"79";"Maison";63;3;204
6733;"29/06/2021";"Vente";79000;"NIORT";"79";"Appartement";21;1;NA
6734;"07/06/2021";"Vente";79000;"NIORT";"79";"Maison";138;5;246
6748;"25/06/2021";"Vente";79000;"NIORT";"79";"Maison";47;2;106
6750;"01/07/2021";"Vente";79230;"VOUILLE";"79";"Maison";140;5;675
6754;"23/06/2021";"Vente";79000;"NIORT";"79";"Maison";141;6;601
6755;"08/07/2021";"Vente";79220;"GERMOND-ROUVRE";"79";"Maison";103;4;780
6761;"29/06/2021";"Vente";79000;"NIORT";"79";"Appartement";41;2;NA
6762;"02/07/2021";"Vente";79000;"NIORT";"79";"Appartement";67;4;NA
6774;"25/06/2021";"Vente";79000;"NIORT";"79";"Appartement";58;2;NA
6775;"30/06/2021";"Vente";79000;"NIORT";"79";"Maison";113;4;328
6778;"17/06/2021";"Vente";79230;"AIFFRES";"79";"Maison";100;4;853
6783;"07/07/2021";"Vente";79000;"NIORT";"79";"Maison";140;3;2275
6786;"18/06/2021";"Vente";79230;"AIFFRES";"79";"Maison";147;6;775
6790;"30/06/2021";"Vente";79000;"NIORT";"79";"Maison";101;4;755
6797;"14/06/2021";"Vente";79180;"CHAURAY";"79";"Maison";171;6;1025
6804;"23/06/2021";"Vente";79000;"NIORT";"79";"Appartement";60;3;NA
6805;"29/06/2021";"Vente";79460;"MAGNE";"79";"Maison";89;4;467
6807;"13/07/2021";"Vente";79000;"NIORT";"79";"Appartement";50;3;NA
6813;"22/06/2021";"Vente";79210;"MAUZE-SUR-LE-MIGNON";"79";"Maison";109;4;556
6816;"02/07/2021";"Vente";79230;"VOUILLE";"79";"Maison";105;6;496
6825;"19/07/2021";"Vente";79230;"AIFFRES";"79";"Maison";95;4;626
6838;"09/07/2021";"Vente";79260;"LA CRECHE";"79";"Maison";103;4;643
6843;"30/06/2021";"Vente";79270;"SAINT-SYMPHORIEN";"79";"Maison";79;3;642
6848;"01/07/2021";"Vente";79270;"LA ROCHENARD";"79";"Maison";105;4;1015
6854;"12/07/2021";"Vente";79000;"NIORT";"79";"Appartement";57;2;NA
6859;"30/06/2021";"Vente";79260;"LA CRECHE";"79";"Maison";107;5;409
6869;"13/07/2021";"Vente";79270;"LE VANNEAU-IRLEAU";"79";"Maison";120;5;1201
6876;"02/07/2021";"Vente";79160;"COULONGES-SUR-L AUTIZE";"79";"Maison";115;3;70
6880;"15/07/2021";"Vente";79000;"NIORT";"79";"Appartement";76;3;NA
6882;"02/07/2021";"Vente";79230;"PRAHECQ";"79";"Maison";128;6;660
6888;"08/07/2021";"Vente";79210;"SAINT-HILAIRE-LA-PALUD";"79";"Maison";105;6;321
6889;"02/07/2021";"Vente";79000;"NIORT";"79";"Maison";72;4;350
6890;"09/07/2021";"Vente";79210;"MAUZE-SUR-LE-MIGNON";"79";"Maison";80;4;428
6905;"06/07/2021";"Vente";79230;"AIFFRES";"79";"Maison";79;3;948
6914;"08/07/2021";"Vente";79460;"MAGNE";"79";"Maison";63;3;231
6916;"08/07/2021";"Vente";79360;"LA FOYE MONJAULT";"79";"Maison";104;5;781
6925;"09/07/2021";"Vente";79000;"NIORT";"79";"Appartement";74;3;NA
6928;"06/07/2021";"Vente";79000;"NIORT";"79";"Maison";50;3;NA
6945;"03/08/2021";"Vente";79000;"NIORT";"79";"Maison";74;4;216
6950;"02/08/2021";"Vente";79000;"NIORT";"79";"Maison";74;4;487
6951;"12/07/2021";"Vente";79000;"NIORT";"79";"Appartement";67;4;NA
6953;"28/07/2021";"Vente";79000;"NIORT";"79";"Maison";100;4;294
6960;"29/07/2021";"Vente";79000;"NIORT";"79";"Maison";126;4;570
6963;"02/07/2021";"Vente";79000;"SCIECQ";"79";"Maison";187;8;1094
6968;"08/07/2021";"Vente";79000;"NIORT";"79";"Maison";60;3;486
6970;"30/06/2021";"Vente";79000;"NIORT";"79";"Appartement";73;3;NA
6973;"15/07/2021";"Vente";79000;"NIORT";"79";"Maison";44;3;160
6974;"16/07/2021";"Vente";79000;"NIORT";"79";"Maison";165;7;182
6975;"19/07/2021";"Vente";79000;"NIORT";"79";"Maison";86;4;299
6976;"28/07/2021";"Vente";79180;"CHAURAY";"79";"Maison";125;4;885
6985;"13/07/2021";"Vente";79000;"NIORT";"79";"Maison";98;4;428
7003;"20/07/2021";"Vente";79000;"NIORT";"79";"Maison";95;4;420
7018;"20/07/2021";"Vente";79000;"NIORT";"79";"Maison";100;4;170
7020;"23/07/2021";"Vente";79000;"NIORT";"79";"Appartement";68;3;NA
7022;"05/08/2021";"Vente";79000;"NIORT";"79";"Maison";165;7;829
7035;"03/08/2021";"Vente";79000;"NIORT";"79";"Appartement";33;2;NA
7040;"30/07/2021";"Vente";79000;"NIORT";"79";"Appartement";41;2;NA
7041;"29/07/2021";"Vente";79270;"FRONTENAY-ROHAN-ROHAN";"79";"Maison";59;3;254
7045;"02/08/2021";"Vente";79510;"COULON";"79";"Maison";136;4;842
7047;"03/08/2021";"Vente";79260;"LA CRECHE";"79";"Maison";115;3;778
7057;"10/08/2021";"Vente";79000;"NIORT";"79";"Appartement";79;3;NA
7072;"30/07/2021";"Vente";79000;"NIORT";"79";"Appartement";60;3;NA
7073;"27/07/2021";"Vente";79230;"AIFFRES";"79";"Maison";74;4;480
7076;"26/07/2021";"Vente";79000;"NIORT";"79";"Maison";76;4;391
7077;"28/07/2021";"Vente";79000;"NIORT";"79";"Maison";114;5;522
7088;"29/07/2021";"Vente";79000;"NIORT";"79";"Appartement";28;1;NA
7103;"13/08/2021";"Vente";79160;"VILLIERS-EN-PLAINE";"79";"Maison";80;4;425
7106;"02/08/2021";"Vente";79000;"NIORT";"79";"Maison";98;5;164
7110;"05/08/2021";"Vente";79000;"NIORT";"79";"Appartement";43;2;NA
7112;"09/08/2021";"Vente";79000;"NIORT";"79";"Appartement";21;2;NA
7130;"11/08/2021";"Vente";79000;"NIORT";"79";"Appartement";36;1;NA
7135;"13/08/2021";"Vente";79000;"NIORT";"79";"Maison";100;4;201
7139;"17/08/2021";"Vente";79460;"MAGNE";"79";"Maison";91;4;717
7141;"16/08/2021";"Vente";79000;"NIORT";"79";"Maison";60;4;307
7146;"06/08/2021";"Vente";79180;"CHAURAY";"79";"Appartement";53;3;NA
7154;"19/08/2021";"Vente";79000;"NIORT";"79";"Maison";111;5;185
7155;"23/08/2021";"Vente";79000;"NIORT";"79";"Appartement";22;1;NA
7158;"12/08/2021";"Vente";79160;"COULONGES-SUR-L AUTIZE";"79";"Maison";135;4;1345
7162;"26/08/2021";"Vente";79000;"NIORT";"79";"Maison";80;4;301
7163;"27/08/2021";"Vente";79460;"MAGNE";"79";"Maison";90;4;537
7173;"06/07/2021";"Vente";79000;"NIORT";"79";"Maison";91;4;712
7174;"27/08/2021";"Vente";79180;"CHAURAY";"79";"Maison";157;5;1071
7186;"20/08/2021";"Vente";79210;"PRIN-DEYRANCON";"79";"Maison";147;4;1161
7188;"23/08/2021";"Vente";79000;"NIORT";"79";"Appartement";60;3;NA
7193;"18/08/2021";"Vente";79180;"CHAURAY";"79";"Maison";101;5;412
7194;"30/08/2021";"Vente";79000;"NIORT";"79";"Appartement";74;3;NA
7201;"18/08/2021";"Vente";79000;"NIORT";"79";"Maison";35;2;52
7207;"26/08/2021";"Vente";79000;"NIORT";"79";"Maison";66;4;390
7222;"27/08/2021";"Vente";79000;"NIORT";"79";"Maison";142;4;114
7225;"01/09/2021";"Vente";79000;"NIORT";"79";"Maison";90;5;302
7251;"31/08/2021";"Vente";79360;"PLAINE-D'ARGENSON";"79";"Maison";67;3;1045
7254;"30/08/2021";"Vente";79000;"NIORT";"79";"Maison";163;8;246
7255;"09/09/2021";"Vente";79000;"NIORT";"79";"Maison";129;5;536
7260;"15/09/2021";"Vente";79000;"NIORT";"79";"Maison";113;4;187
7271;"23/08/2021";"Vente";79000;"NIORT";"79";"Appartement";55;3;NA
7273;"20/09/2021";"Vente";79000;"NIORT";"79";"Maison";98;4;249
7275;"15/09/2021";"Vente";79000;"NIORT";"79";"Appartement";76;3;NA
7311;"22/09/2021";"Vente";79000;"NIORT";"79";"Maison";23;1;104
7318;"28/09/2021";"Vente";79000;"NIORT";"79";"Maison";85;4;165
7320;"10/09/2021";"Vente";79000;"NIORT";"79";"Appartement";55;3;NA
7324;"28/09/2021";"Vente";79230;"AIFFRES";"79";"Maison";77;4;295
7330;"23/09/2021";"Vente";79360;"BEAUVOIR-SUR-NIORT";"79";"Maison";119;4;420
7334;"10/09/2021";"Vente";79160;"COULONGES-SUR-L AUTIZE";"79";"Maison";69;4;105
7337;"10/09/2021";"Vente";79160;"COULONGES-SUR-L AUTIZE";"79";"Maison";81;4;584
7338;"13/09/2021";"Vente";79000;"NIORT";"79";"Maison";71;4;480
7339;"13/09/2021";"Vente";79000;"NIORT";"79";"Maison";101;4;92
7356;"01/10/2021";"Vente";79410;"ECHIRE";"79";"Maison";204;6;1050
7358;"15/09/2021";"Vente";79410;"ECHIRE";"79";"Maison";138;4;685
7371;"22/09/2021";"Vente";79000;"NIORT";"79";"Maison";95;5;540
7386;"11/10/2021";"Vente";79230;"AIFFRES";"79";"Maison";100;3;525
7397;"30/09/2021";"Vente";79160;"COULONGES-SUR-L AUTIZE";"79";"Maison";110;3;138
7398;"08/10/2021";"Vente";79000;"NIORT";"79";"Appartement";56;3;NA
7424;"08/10/2021";"Vente";79260;"LA CRECHE";"79";"Maison";88;3;898
7429;"30/09/2021";"Vente";79000;"NIORT";"79";"Appartement";54;2;NA
7432;"18/10/2021";"Vente";79160;"COULONGES-SUR-L AUTIZE";"79";"Maison";103;4;70
7440;"21/09/2021";"Vente";79410;"ECHIRE";"79";"Maison";87;4;516
7441;"18/10/2021";"Vente";79230;"FORS";"79";"Maison";120;4;1569
7443;"29/09/2021";"Vente";79510;"COULON";"79";"Maison";75;4;219
7475;"08/10/2021";"Vente";79000;"NIORT";"79";"Appartement";77;4;NA
7494;"18/10/2021";"Vente";79270;"FRONTENAY-ROHAN-ROHAN";"79";"Maison";94;5;590
7499;"08/10/2021";"Vente";79000;"NIORT";"79";"Maison";76;4;NA
7502;"20/10/2021";"Vente";79000;"NIORT";"79";"Maison";60;2;2064
7504;"06/10/2021";"Vente";79210;"SAINT-HILAIRE-LA-PALUD";"79";"Maison";84;4;166
7511;"14/10/2021";"Vente";79000;"NIORT";"79";"Maison";48;2;25
7512;"18/10/2021";"Vente";79000;"NIORT";"79";"Maison";93;4;307
7519;"07/10/2021";"Vente";79000;"NIORT";"79";"Appartement";66;4;NA
7520;"11/10/2021";"Vente";79000;"NIORT";"79";"Maison";140;5;188
7521;"14/10/2021";"Vente";79000;"NIORT";"79";"Appartement";59;3;NA
7525;"19/10/2021";"Vente";79000;"NIORT";"79";"Maison";88;4;909
7528;"13/10/2021";"Vente";79000;"NIORT";"79";"Appartement";74;3;NA
7531;"28/10/2021";"Vente";79230;"AIFFRES";"79";"Maison";88;5;513
7536;"04/11/2021";"Vente";79000;"NIORT";"79";"Maison";132;6;646
7537;"04/11/2021";"Vente";79360;"LA FOYE MONJAULT";"79";"Maison";100;4;1227
7544;"15/10/2021";"Vente";79260;"LA CRECHE";"79";"Maison";102;5;1311
7546;"28/10/2021";"Vente";79000;"NIORT";"79";"Maison";78;4;137
7556;"07/10/2021";"Vente";79230;"AIFFRES";"79";"Maison";85;4;1419
7566;"19/10/2021";"Vente";79000;"NIORT";"79";"Maison";65;4;32
7568;"20/10/2021";"Vente";79000;"NIORT";"79";"Maison";99;4;339
7572;"21/10/2021";"Vente";79270;"SANSAIS";"79";"Appartement";22;1;591
7573;"09/11/2021";"Vente";79160;"COULONGES-SUR-L AUTIZE";"79";"Maison";97;5;865
7587;"16/11/2021";"Vente";79000;"NIORT";"79";"Maison";94;3;276
7600;"18/11/2021";"Vente";79000;"NIORT";"79";"Maison";120;5;543
7607;"28/10/2021";"Vente";79000;"NIORT";"79";"Maison";50;3;36
7613;"29/10/2021";"Vente";79000;"NIORT";"79";"Maison";65;4;133
7614;"05/11/2021";"Vente";79000;"NIORT";"79";"Appartement";34;2;NA
7615;"18/11/2021";"Vente";79000;"NIORT";"79";"Appartement";24;1;NA
7620;"18/11/2021";"Vente";79160;"COULONGES-SUR-L AUTIZE";"79";"Maison";79;2;82
7635;"10/11/2021";"Vente";79000;"NIORT";"79";"Appartement";34;2;NA
7645;"04/11/2021";"Vente";79260;"LA CRECHE";"79";"Maison";81;3;327
7646;"04/11/2021";"Vente";79000;"NIORT";"79";"Appartement";40;2;NA
7664;"25/11/2021";"Vente";79160;"COULONGES-SUR-L AUTIZE";"79";"Maison";55;4;111
7665;"23/11/2021";"Vente";79160;"COULONGES-SUR-L AUTIZE";"79";"Maison";45;2;196
7683;"22/11/2021";"Vente";79000;"NIORT";"79";"Appartement";67;3;NA
7686;"30/11/2021";"Vente";79000;"NIORT";"79";"Appartement";62;3;NA
7688;"15/11/2021";"Vente";79000;"NIORT";"79";"Maison";84;4;460
7701;"18/11/2021";"Vente";79460;"MAGNE";"79";"Maison";113;4;411
7702;"06/12/2021";"Vente";79000;"NIORT";"79";"Appartement";64;3;NA
7718;"26/11/2021";"Vente";79000;"NIORT";"79";"Appartement";46;2;NA
7722;"06/12/2021";"Vente";79000;"NIORT";"79";"Maison";80;5;86
7724;"09/11/2021";"Vente";79230;"JUSCORPS";"79";"Maison";61;2;1746
7736;"30/11/2021";"Vente";79220;"GERMOND-ROUVRE";"79";"Maison";80;3;1995
7738;"22/11/2021";"Vente";79000;"NIORT";"79";"Appartement";60;3;NA
7739;"24/11/2021";"Vente";79000;"NIORT";"79";"Maison";66;4;616
7740;"29/11/2021";"Vente";79000;"NIORT";"79";"Maison";74;4;242
7743;"01/12/2021";"Vente";79000;"NIORT";"79";"Maison";73;4;500
7760;"26/11/2021";"Vente";79210;"SAINT-HILAIRE-LA-PALUD";"79";"Maison";99;3;621
7788;"09/12/2021";"Vente";79000;"NIORT";"79";"Appartement";42;2;NA
7792;"13/12/2021";"Vente";79000;"NIORT";"79";"Appartement";52;2;NA
7808;"16/12/2021";"Vente";79000;"NIORT";"79";"Appartement";77;4;NA
7814;"25/11/2021";"Vente";79360;"LA FOYE MONJAULT";"79";"Maison";120;5;313
7822;"03/12/2021";"Vente";79000;"NIORT";"79";"Maison";85;4;150
7823;"01/12/2021";"Vente";79000;"NIORT";"79";"Maison";123;5;135
7835;"22/12/2021";"Vente";79000;"NIORT";"79";"Maison";55;2;239
7838;"02/12/2021";"Vente";79270;"LA ROCHENARD";"79";"Maison";159;4;559
7846;"25/11/2021";"Vente";79230;"BRULAIN";"79";"Maison";144;6;1333
7850;"15/12/2021";"Vente";79410;"SAINT GELAIS";"79";"Maison";121;5;898
7853;"15/12/2021";"Vente";79160;"VILLIERS-EN-PLAINE";"79";"Maison";198;5;1110
7871;"23/12/2021";"Vente";79210;"VAL-DU-MIGNON";"79";"Maison";120;3;194
7883;"15/12/2021";"Vente";79000;"NIORT";"79";"Maison";44;2;39
7885;"06/12/2021";"Vente";79210;"SAINT-HILAIRE-LA-PALUD";"79";"Maison";112;4;349
7887;"06/12/2021";"Vente";79000;"NIORT";"79";"Appartement";65;3;NA
7891;"21/12/2021";"Vente";79000;"NIORT";"79";"Appartement";55;3;NA
7895;"23/12/2021";"Vente";79000;"NIORT";"79";"Maison";63;3;386
7919;"17/12/2021";"Vente";79000;"NIORT";"79";"Maison";50;2;54
7937;"20/12/2021";"Vente";79000;"NIORT";"79";"Appartement";77;4;NA
7946;"29/12/2021";"Vente";79000;"NIORT";"79";"Maison";55;3;28
7962;"30/12/2021";"Vente";79000;"NIORT";"79";"Appartement";44;2;NA
7966;"03/06/2021";"Vente";79000;"NIORT";"79";"Appartement";47;2;NA
7970;"26/03/2021";"Vente";79410;"ECHIRE";"79";"Maison";107;5;385
7974;"28/05/2021";"Vente";79000;"NIORT";"79";"Appartement";100;4;NA
